[INFO] Scanning for projects...
[INFO] 
[INFO] -----------------------< org.jsweet:jsweet-cli >------------------------
[INFO] Building JSweet CLI 5.0.0-SNAPSHOT
[INFO]   from pom.xml
[INFO] --------------------------------[ jar ]---------------------------------
[INFO] 
[INFO] --- exec:3.1.0:java (default-cli) @ jsweet-cli ---
JSweet CLI v0.1.0 - Java to TypeScript Compiler
Input path: /Users/ed.eustace/dev/github.com/ed-eustace/jsweet/gwt-to-ts-test/gwt-2.11.0/user/src
Output directory: /Users/ed.eustace/dev/github.com/ed-eustace/jsweet/gwt-to-ts-test/gwt-ts/user-ts
Target: ES5
Starting compilation...
Detected directory - using multi-file compilation
🔧 Using JSNIFactory for JSNI support (multi-file)
   Source root: /Users/ed.eustace/dev/github.com/ed-eustace/jsweet/gwt-to-ts-test/gwt-2.11.0/user/src
🏭 JSNIFactory: Initialized with source root: /Users/ed.eustace/dev/github.com/ed-eustace/jsweet/gwt-to-ts-test/gwt-2.11.0/user/src
🔧 Setting GWT classpath: gwt-to-ts-test/gwt-2.11.0-jars/gwt-dev.jar:gwt-to-ts-test/gwt-2.11.0-jars/gwt-user.jar
[ERROR] cannot find symbol
  symbol:   class ConsoleLogger
  location: package javaemul.internal
  at /Users/ed.eustace/dev/github.com/ed-eustace/jsweet/gwt-to-ts-test/gwt-2.11.0/user/src/com/google/gwt/core/client/impl/SuperDevModeLogger.java(20,25)
2025-09-26 09:45:17.017 ERROR JSweetTranspiler:99 - /Users/ed.eustace/dev/github.com/ed-eustace/jsweet/gwt-to-ts-test/gwt-2.11.0/user/src/com/google/gwt/core/client/impl/SuperDevModeLogger.java:20: error: cannot find symbol
import javaemul.internal.ConsoleLogger;
                        ^
  symbol:   class ConsoleLogger
  location: package javaemul.internal
[ERROR] cannot find symbol
  symbol:   class ConsoleLogger
  location: class com.google.gwt.core.client.impl.SuperDevModeLogger
  at /Users/ed.eustace/dev/github.com/ed-eustace/jsweet/gwt-to-ts-test/gwt-2.11.0/user/src/com/google/gwt/core/client/impl/SuperDevModeLogger.java(29,5)
2025-09-26 09:45:18.018 ERROR JSweetTranspiler:99 - /Users/ed.eustace/dev/github.com/ed-eustace/jsweet/gwt-to-ts-test/gwt-2.11.0/user/src/com/google/gwt/core/client/impl/SuperDevModeLogger.java:29: error: cannot find symbol
    ConsoleLogger console = ConsoleLogger.createIfSupported();
    ^
  symbol:   class ConsoleLogger
  location: class com.google.gwt.core.client.impl.SuperDevModeLogger
[ERROR] cannot find symbol
  symbol:   variable ConsoleLogger
  location: class com.google.gwt.core.client.impl.SuperDevModeLogger
  at /Users/ed.eustace/dev/github.com/ed-eustace/jsweet/gwt-to-ts-test/gwt-2.11.0/user/src/com/google/gwt/core/client/impl/SuperDevModeLogger.java(29,29)
2025-09-26 09:45:18.018 ERROR JSweetTranspiler:99 - /Users/ed.eustace/dev/github.com/ed-eustace/jsweet/gwt-to-ts-test/gwt-2.11.0/user/src/com/google/gwt/core/client/impl/SuperDevModeLogger.java:29: error: cannot find symbol
    ConsoleLogger console = ConsoleLogger.createIfSupported();
                            ^
  symbol:   variable ConsoleLogger
  location: class com.google.gwt.core.client.impl.SuperDevModeLogger
🏭 JSNIFactory: Creating adapter chain with JSNI support
   Got base adapter from parent factory
   Chaining EmptyRegisterEntryAdapter
   Chaining JSNIAdapter on top of EmptyRegisterEntryAdapter
🔧 JSNIAdapter: Initialized for JSNI post-processing
✅ JSNIFactory: Adapter chain complete - JSNI support and EmptyRegisterEntry enabled
🚀 JSNIAdapter: Transpilation started - JSNI processing enabled
🔄 JSNIAdapter: Found native method, letting transpiler handle conversion: scheduleUserAgentCheck
JSNI DETECTED: scheduleUserAgentCheck in class UserAgentAsserter
JSNI CONVERTED: scheduleUserAgentCheck with JSNI body
🔍 JSNIAdapter: Processing JSNI comment blocks for compilation unit
✅ JSNIAdapter: Processed JSNI methods
🔄 JSNIAdapter: Found native method, letting transpiler handle conversion: clearAsyncCallback
JSNI DETECTED: clearAsyncCallback in class ScriptTagLoadingStrategy
JSNI CONVERTED: clearAsyncCallback with JSNI body
🔄 JSNIAdapter: Found native method, letting transpiler handle conversion: setAsyncCallback
JSNI DETECTED: setAsyncCallback in class ScriptTagLoadingStrategy
JSNI CONVERTED: setAsyncCallback with JSNI body
🔍 JSNIAdapter: Processing JSNI comment blocks for compilation unit
✅ JSNIAdapter: Processed JSNI methods
🔄 JSNIAdapter: Found native method, letting transpiler handle conversion: create
🔄 JSNIAdapter: Found native method, letting transpiler handle conversion: create
JSNI DETECTED: create in class Task
JSNI CONVERTED: create with JSNI body
JSNI DETECTED: create in class Task
🔄 JSNIAdapter: Found native method, letting transpiler handle conversion: create
JSNI DETECTED: create in class Task
JSNI CONVERTED: create with JSNI body
🔄 JSNIAdapter: Found native method, letting transpiler handle conversion: getRepeating
JSNI DETECTED: getRepeating in class Task
JSNI CONVERTED: getRepeating with JSNI body
🔄 JSNIAdapter: Found native method, letting transpiler handle conversion: getScheduled
JSNI DETECTED: getScheduled in class Task
JSNI CONVERTED: getScheduled with JSNI body
🔄 JSNIAdapter: Found native method, letting transpiler handle conversion: isRepeating
JSNI DETECTED: isRepeating in class Task
JSNI CONVERTED: isRepeating with JSNI body
🔄 JSNIAdapter: Found native method, letting transpiler handle conversion: scheduleFixedDelayImpl
[ERROR] method 'scheduleFixedDelayImpl' cannot be native
  at /Users/ed.eustace/dev/github.com/ed-eustace/jsweet/gwt-to-ts-test/gwt-2.11.0/user/src/com/google/gwt/core/client/impl/SchedulerImpl.java(192,3)
🔄 JSNIAdapter: Found native method, letting transpiler handle conversion: scheduleFixedPeriodImpl
[ERROR] method 'scheduleFixedPeriodImpl' cannot be native
  at /Users/ed.eustace/dev/github.com/ed-eustace/jsweet/gwt-to-ts-test/gwt-2.11.0/user/src/com/google/gwt/core/client/impl/SchedulerImpl.java(207,3)
🔍 JSNIAdapter: Processing JSNI comment blocks for compilation unit
✅ JSNIAdapter: Processed JSNI methods
🔄 JSNIAdapter: Found native method, letting transpiler handle conversion: entry
JSNI DETECTED: entry in class Impl
JSNI CONVERTED: entry with JSNI body
🔄 JSNIAdapter: Found native method, letting transpiler handle conversion: getHostPageBaseURL
JSNI DETECTED: getHostPageBaseURL in class Impl
JSNI CONVERTED: getHostPageBaseURL with JSNI body
🔄 JSNIAdapter: Found native method, letting transpiler handle conversion: getModuleBaseURL
JSNI DETECTED: getModuleBaseURL in class Impl
JSNI CONVERTED: getModuleBaseURL with JSNI body
🔄 JSNIAdapter: Found native method, letting transpiler handle conversion: getModuleBaseURLForStaticFiles
JSNI DETECTED: getModuleBaseURLForStaticFiles in class Impl
JSNI CONVERTED: getModuleBaseURLForStaticFiles with JSNI body
🔄 JSNIAdapter: Found native method, letting transpiler handle conversion: getModuleName
JSNI DETECTED: getModuleName in class Impl
JSNI CONVERTED: getModuleName with JSNI body
🔄 JSNIAdapter: Found native method, letting transpiler handle conversion: getPermutationStrongName
JSNI DETECTED: getPermutationStrongName in class Impl
JSNI CONVERTED: getPermutationStrongName with JSNI body
🔄 JSNIAdapter: Found native method, letting transpiler handle conversion: registerWindowOnError
JSNI DETECTED: registerWindowOnError in class Impl
JSNI CONVERTED: registerWindowOnError with JSNI body
🔄 JSNIAdapter: Found native method, letting transpiler handle conversion: reportToBrowser
JSNI DETECTED: reportToBrowser in class Impl
JSNI CONVERTED: reportToBrowser with JSNI body
🔄 JSNIAdapter: Found native method, letting transpiler handle conversion: registerEntry
🔄 JSNIAdapter: Found native method, letting transpiler handle conversion: apply
[ERROR] method 'apply' cannot be native
  at /Users/ed.eustace/dev/github.com/ed-eustace/jsweet/gwt-to-ts-test/gwt-2.11.0/user/src/com/google/gwt/core/client/impl/Impl.java(296,3)
🔄 JSNIAdapter: Found native method, letting transpiler handle conversion: undefined
JSNI DETECTED: undefined in class Impl
JSNI CONVERTED: undefined with JSNI body
🔄 JSNIAdapter: Found native method, letting transpiler handle conversion: watchdogEntryDepthCancel
JSNI DETECTED: watchdogEntryDepthCancel in class Impl
JSNI CONVERTED: watchdogEntryDepthCancel with JSNI body
🔄 JSNIAdapter: Found native method, letting transpiler handle conversion: watchdogEntryDepthSchedule
JSNI DETECTED: watchdogEntryDepthSchedule in class Impl
JSNI CONVERTED: watchdogEntryDepthSchedule with JSNI body
🔍 JSNIAdapter: Processing JSNI comment blocks for compilation unit
✅ JSNIAdapter: Processed JSNI methods
[ERROR] internal transpiler error
  at /Users/ed.eustace/dev/github.com/ed-eustace/jsweet/gwt-to-ts-test/gwt-2.11.0/user/src/com/google/gwt/core/client/impl/SuperDevModeLogger.java(29,29)
[ERROR] internal transpiler error
  at /Users/ed.eustace/dev/github.com/ed-eustace/jsweet/gwt-to-ts-test/gwt-2.11.0/user/src/com/google/gwt/core/client/impl/SuperDevModeLogger.java(33,5)
[ERROR] internal transpiler error
  at /Users/ed.eustace/dev/github.com/ed-eustace/jsweet/gwt-to-ts-test/gwt-2.11.0/user/src/com/google/gwt/core/client/impl/SuperDevModeLogger.java(35,7)
🔄 JSNIAdapter: Found native method, letting transpiler handle conversion: get
JSNI DETECTED: get in class IntToIntMap
JSNI CONVERTED: get with JSNI body
🔄 JSNIAdapter: Found native method, letting transpiler handle conversion: put
JSNI DETECTED: put in class IntToIntMap
JSNI CONVERTED: put with JSNI body
🔄 JSNIAdapter: Found native method, letting transpiler handle conversion: clearCallbacks
JSNI DETECTED: clearCallbacks in class CrossSiteLoadingStrategy
JSNI CONVERTED: clearCallbacks with JSNI body
🔄 JSNIAdapter: Found native method, letting transpiler handle conversion: clearOnSuccess
JSNI DETECTED: clearOnSuccess in class CrossSiteLoadingStrategy
JSNI CONVERTED: clearOnSuccess with JSNI body
🔄 JSNIAdapter: Found native method, letting transpiler handle conversion: createScriptTag
JSNI DETECTED: createScriptTag in class CrossSiteLoadingStrategy
JSNI CONVERTED: createScriptTag with JSNI body
🔄 JSNIAdapter: Found native method, letting transpiler handle conversion: installScriptTag
JSNI DETECTED: installScriptTag in class CrossSiteLoadingStrategy
JSNI CONVERTED: installScriptTag with JSNI body
🔄 JSNIAdapter: Found native method, letting transpiler handle conversion: removeTagAndCallErrorHandler
[ERROR] method 'removeTagAndCallErrorHandler' cannot be native
  at /Users/ed.eustace/dev/github.com/ed-eustace/jsweet/gwt-to-ts-test/gwt-2.11.0/user/src/com/google/gwt/core/client/impl/CrossSiteLoadingStrategy.java(85,3)
🔄 JSNIAdapter: Found native method, letting transpiler handle conversion: removeTagAndEvalCode
[ERROR] method 'removeTagAndEvalCode' cannot be native
  at /Users/ed.eustace/dev/github.com/ed-eustace/jsweet/gwt-to-ts-test/gwt-2.11.0/user/src/com/google/gwt/core/client/impl/CrossSiteLoadingStrategy.java(103,3)
🔄 JSNIAdapter: Found native method, letting transpiler handle conversion: setOnFailure
[ERROR] method 'setOnFailure' cannot be native
  at /Users/ed.eustace/dev/github.com/ed-eustace/jsweet/gwt-to-ts-test/gwt-2.11.0/user/src/com/google/gwt/core/client/impl/CrossSiteLoadingStrategy.java(113,3)
🔄 JSNIAdapter: Found native method, letting transpiler handle conversion: setOnSuccess
JSNI DETECTED: setOnSuccess in class CrossSiteLoadingStrategy
JSNI CONVERTED: setOnSuccess with JSNI body
🔍 JSNIAdapter: Processing JSNI comment blocks for compilation unit
✅ JSNIAdapter: Processed JSNI methods
🔄 JSNIAdapter: Found native method, letting transpiler handle conversion: collect
JSNI DETECTED: collect in class CollectorLegacy
JSNI CONVERTED: collect with JSNI body
🔄 JSNIAdapter: Found native method, letting transpiler handle conversion: collect
JSNI DETECTED: collect in class CollectorEmulated
JSNI CONVERTED: collect with JSNI body
🔄 JSNIAdapter: Found native method, letting transpiler handle conversion: stripSquareBrackets
JSNI DETECTED: stripSquareBrackets in class CollectorModern
JSNI CONVERTED: stripSquareBrackets with JSNI body
🔄 JSNIAdapter: Found native method, letting transpiler handle conversion: parseInt
JSNI DETECTED: parseInt in class StackTraceCreator
JSNI CONVERTED: parseInt with JSNI body
🔄 JSNIAdapter: Found native method, letting transpiler handle conversion: supportsErrorStack
JSNI DETECTED: supportsErrorStack in class StackTraceCreator
JSNI CONVERTED: supportsErrorStack with JSNI body
🔄 JSNIAdapter: Found native method, letting transpiler handle conversion: getFnStack
JSNI DETECTED: getFnStack in class StackTraceCreator
JSNI CONVERTED: getFnStack with JSNI body
🔄 JSNIAdapter: Found native method, letting transpiler handle conversion: getFunctionName
JSNI DETECTED: getFunctionName in class StackTraceCreator
JSNI CONVERTED: getFunctionName with JSNI body
🔄 JSNIAdapter: Found native method, letting transpiler handle conversion: extractFunctionName
JSNI DETECTED: extractFunctionName in class StackTraceCreator
JSNI CONVERTED: extractFunctionName with JSNI body
🔄 JSNIAdapter: Found native method, letting transpiler handle conversion: split
JSNI DETECTED: split in class StackTraceCreator
JSNI CONVERTED: split with JSNI body
🔍 JSNIAdapter: Processing JSNI comment blocks for compilation unit
✅ JSNIAdapter: Processed JSNI methods
🔄 JSNIAdapter: Found native method, letting transpiler handle conversion: get
JSNI DETECTED: get in class FragmentReloadTracker
JSNI CONVERTED: get with JSNI body
🔄 JSNIAdapter: Found native method, letting transpiler handle conversion: put
JSNI DETECTED: put in class FragmentReloadTracker
JSNI CONVERTED: put with JSNI body
🔄 JSNIAdapter: Found native method, letting transpiler handle conversion: gwtInstallCode
JSNI DETECTED: gwtInstallCode in class LoadingStrategyBase
JSNI CONVERTED: gwtInstallCode with JSNI body
🔄 JSNIAdapter: Found native method, letting transpiler handle conversion: gwtStartLoadingFragment
[ERROR] method 'gwtStartLoadingFragment' cannot be native
  at /Users/ed.eustace/dev/github.com/ed-eustace/jsweet/gwt-to-ts-test/gwt-2.11.0/user/src/com/google/gwt/core/client/impl/LoadingStrategyBase.java(183,3)
🔍 JSNIAdapter: Processing JSNI comment blocks for compilation unit
✅ JSNIAdapter: Processed JSNI methods
🔄 JSNIAdapter: Found native method, letting transpiler handle conversion: stats
JSNI DETECTED: stats in class StandardLogger
JSNI CONVERTED: stats with JSNI body
🔄 JSNIAdapter: Found native method, letting transpiler handle conversion: createStatsEvent
[ERROR] method 'createStatsEvent' cannot be native
  at /Users/ed.eustace/dev/github.com/ed-eustace/jsweet/gwt-to-ts-test/gwt-2.11.0/user/src/com/google/gwt/core/client/impl/AsyncFragmentLoader.java(109,5)
🔄 JSNIAdapter: Found native method, letting transpiler handle conversion: isStatsAvailable
JSNI DETECTED: isStatsAvailable in class StandardLogger
JSNI CONVERTED: isStatsAvailable with JSNI body
🔍 JSNIAdapter: Processing JSNI comment blocks for compilation unit
✅ JSNIAdapter: Processed JSNI methods
🔄 JSNIAdapter: Found native method, letting transpiler handle conversion: tryDownload
JSNI DETECTED: tryDownload in class XhrDownloadStrategy
JSNI CONVERTED: tryDownload with JSNI body
🔍 JSNIAdapter: Processing JSNI comment blocks for compilation unit
✅ JSNIAdapter: Processed JSNI methods
🔄 JSNIAdapter: Found native method, letting transpiler handle conversion: getExceptionDescription0
JSNI DETECTED: getExceptionDescription0 in class JavaScriptException
JSNI CONVERTED: getExceptionDescription0 with JSNI body
🔄 JSNIAdapter: Found native method, letting transpiler handle conversion: getExceptionName0
JSNI DETECTED: getExceptionName0 in class JavaScriptException
JSNI CONVERTED: getExceptionName0 with JSNI body
🔍 JSNIAdapter: Processing JSNI comment blocks for compilation unit
✅ JSNIAdapter: Processed JSNI methods
🔄 JSNIAdapter: Found native method, letting transpiler handle conversion: uncheckedConversion
JSNI DETECTED: uncheckedConversion in class Duration
JSNI CONVERTED: uncheckedConversion with JSNI body
🔍 JSNIAdapter: Processing JSNI comment blocks for compilation unit
✅ JSNIAdapter: Processed JSNI methods
🔄 JSNIAdapter: Found native method, letting transpiler handle conversion: get
JSNI DETECTED: get in class JsArrayInteger
JSNI CONVERTED: get with JSNI body
🔄 JSNIAdapter: Found native method, letting transpiler handle conversion: join
🔄 JSNIAdapter: Found native method, letting transpiler handle conversion: join
JSNI DETECTED: join in class JsArrayInteger
JSNI CONVERTED: join with JSNI body
JSNI DETECTED: join in class JsArrayInteger
🔄 JSNIAdapter: Found native method, letting transpiler handle conversion: length
JSNI DETECTED: length in class JsArrayInteger
JSNI CONVERTED: length with JSNI body
🔄 JSNIAdapter: Found native method, letting transpiler handle conversion: push
JSNI DETECTED: push in class JsArrayInteger
JSNI CONVERTED: push with JSNI body
🔄 JSNIAdapter: Found native method, letting transpiler handle conversion: set
JSNI DETECTED: set in class JsArrayInteger
JSNI CONVERTED: set with JSNI body
🔄 JSNIAdapter: Found native method, letting transpiler handle conversion: setLength
JSNI DETECTED: setLength in class JsArrayInteger
JSNI CONVERTED: setLength with JSNI body
🔄 JSNIAdapter: Found native method, letting transpiler handle conversion: shift
JSNI DETECTED: shift in class JsArrayInteger
JSNI CONVERTED: shift with JSNI body
🔄 JSNIAdapter: Found native method, letting transpiler handle conversion: unshift
JSNI DETECTED: unshift in class JsArrayInteger
JSNI CONVERTED: unshift with JSNI body
🔍 JSNIAdapter: Processing JSNI comment blocks for compilation unit
✅ JSNIAdapter: Processed JSNI methods
🔄 JSNIAdapter: Found native method, letting transpiler handle conversion: arrayAsJsArrayForProdMode
JSNI DETECTED: arrayAsJsArrayForProdMode in class JsArrayUtils
JSNI CONVERTED: arrayAsJsArrayForProdMode with JSNI body
🔍 JSNIAdapter: Processing JSNI comment blocks for compilation unit
✅ JSNIAdapter: Processed JSNI methods
🔄 JSNIAdapter: Found native method, letting transpiler handle conversion: get
JSNI DETECTED: get in class JsArrayString
JSNI CONVERTED: get with JSNI body
🔄 JSNIAdapter: Found native method, letting transpiler handle conversion: join
🔄 JSNIAdapter: Found native method, letting transpiler handle conversion: join
JSNI DETECTED: join in class JsArrayString
JSNI CONVERTED: join with JSNI body
JSNI DETECTED: join in class JsArrayString
🔄 JSNIAdapter: Found native method, letting transpiler handle conversion: length
JSNI DETECTED: length in class JsArrayString
JSNI CONVERTED: length with JSNI body
🔄 JSNIAdapter: Found native method, letting transpiler handle conversion: push
JSNI DETECTED: push in class JsArrayString
JSNI CONVERTED: push with JSNI body
🔄 JSNIAdapter: Found native method, letting transpiler handle conversion: set
JSNI DETECTED: set in class JsArrayString
JSNI CONVERTED: set with JSNI body
🔄 JSNIAdapter: Found native method, letting transpiler handle conversion: setLength
JSNI DETECTED: setLength in class JsArrayString
JSNI CONVERTED: setLength with JSNI body
🔄 JSNIAdapter: Found native method, letting transpiler handle conversion: shift
JSNI DETECTED: shift in class JsArrayString
JSNI CONVERTED: shift with JSNI body
🔄 JSNIAdapter: Found native method, letting transpiler handle conversion: unshift
JSNI DETECTED: unshift in class JsArrayString
JSNI CONVERTED: unshift with JSNI body
🔍 JSNIAdapter: Processing JSNI comment blocks for compilation unit
✅ JSNIAdapter: Processed JSNI methods
🔄 JSNIAdapter: Found native method, letting transpiler handle conversion: getVersion0
JSNI DETECTED: getVersion0 in class GWT
JSNI CONVERTED: getVersion0 with JSNI body
🔍 JSNIAdapter: Processing JSNI comment blocks for compilation unit
✅ JSNIAdapter: Processed JSNI methods
🔄 JSNIAdapter: Found native method, letting transpiler handle conversion: attachListeners
[ERROR] method 'attachListeners' cannot be native
  at /Users/ed.eustace/dev/github.com/ed-eustace/jsweet/gwt-to-ts-test/gwt-2.11.0/user/src/com/google/gwt/core/client/ScriptInjector.java(261,3)
🔄 JSNIAdapter: Found native method, letting transpiler handle conversion: nativeAttachToHead
JSNI DETECTED: nativeAttachToHead in class ScriptInjector
JSNI CONVERTED: nativeAttachToHead with JSNI body
🔄 JSNIAdapter: Found native method, letting transpiler handle conversion: nativeDefaultWindow
JSNI DETECTED: nativeDefaultWindow in class ScriptInjector
JSNI CONVERTED: nativeDefaultWindow with JSNI body
🔄 JSNIAdapter: Found native method, letting transpiler handle conversion: nativeGetDocument
JSNI DETECTED: nativeGetDocument in class ScriptInjector
JSNI CONVERTED: nativeGetDocument with JSNI body
🔄 JSNIAdapter: Found native method, letting transpiler handle conversion: nativeMakeScriptElement
JSNI DETECTED: nativeMakeScriptElement in class ScriptInjector
JSNI CONVERTED: nativeMakeScriptElement with JSNI body
🔄 JSNIAdapter: Found native method, letting transpiler handle conversion: nativeRemove
JSNI DETECTED: nativeRemove in class ScriptInjector
JSNI CONVERTED: nativeRemove with JSNI body
🔄 JSNIAdapter: Found native method, letting transpiler handle conversion: nativeSetSrc
JSNI DETECTED: nativeSetSrc in class ScriptInjector
JSNI CONVERTED: nativeSetSrc with JSNI body
🔄 JSNIAdapter: Found native method, letting transpiler handle conversion: nativeSetText
JSNI DETECTED: nativeSetText in class ScriptInjector
JSNI CONVERTED: nativeSetText with JSNI body
🔄 JSNIAdapter: Found native method, letting transpiler handle conversion: nativePropagateScriptNonceIfPossible
[ERROR] method 'nativePropagateScriptNonceIfPossible' cannot be native
  at /Users/ed.eustace/dev/github.com/ed-eustace/jsweet/gwt-to-ts-test/gwt-2.11.0/user/src/com/google/gwt/core/client/ScriptInjector.java(318,3)
🔄 JSNIAdapter: Found native method, letting transpiler handle conversion: nativeTopWindow
JSNI DETECTED: nativeTopWindow in class ScriptInjector
JSNI CONVERTED: nativeTopWindow with JSNI body
🔍 JSNIAdapter: Processing JSNI comment blocks for compilation unit
✅ JSNIAdapter: Processed JSNI methods
🔄 JSNIAdapter: Found native method, letting transpiler handle conversion: get
JSNI DETECTED: get in class JsArrayNumber
JSNI CONVERTED: get with JSNI body
🔄 JSNIAdapter: Found native method, letting transpiler handle conversion: join
🔄 JSNIAdapter: Found native method, letting transpiler handle conversion: join
JSNI DETECTED: join in class JsArrayNumber
JSNI CONVERTED: join with JSNI body
JSNI DETECTED: join in class JsArrayNumber
🔄 JSNIAdapter: Found native method, letting transpiler handle conversion: length
JSNI DETECTED: length in class JsArrayNumber
JSNI CONVERTED: length with JSNI body
🔄 JSNIAdapter: Found native method, letting transpiler handle conversion: push
JSNI DETECTED: push in class JsArrayNumber
JSNI CONVERTED: push with JSNI body
🔄 JSNIAdapter: Found native method, letting transpiler handle conversion: set
JSNI DETECTED: set in class JsArrayNumber
JSNI CONVERTED: set with JSNI body
🔄 JSNIAdapter: Found native method, letting transpiler handle conversion: setLength
JSNI DETECTED: setLength in class JsArrayNumber
JSNI CONVERTED: setLength with JSNI body
🔄 JSNIAdapter: Found native method, letting transpiler handle conversion: shift
JSNI DETECTED: shift in class JsArrayNumber
JSNI CONVERTED: shift with JSNI body
🔄 JSNIAdapter: Found native method, letting transpiler handle conversion: unshift
JSNI DETECTED: unshift in class JsArrayNumber
JSNI CONVERTED: unshift with JSNI body
🔍 JSNIAdapter: Processing JSNI comment blocks for compilation unit
✅ JSNIAdapter: Processed JSNI methods
🔄 JSNIAdapter: Found native method, letting transpiler handle conversion: get
JSNI DETECTED: get in class JsArray
JSNI CONVERTED: get with JSNI body
🔄 JSNIAdapter: Found native method, letting transpiler handle conversion: join
🔄 JSNIAdapter: Found native method, letting transpiler handle conversion: join
JSNI DETECTED: join in class JsArray
JSNI CONVERTED: join with JSNI body
JSNI DETECTED: join in class JsArray
🔄 JSNIAdapter: Found native method, letting transpiler handle conversion: length
JSNI DETECTED: length in class JsArray
JSNI CONVERTED: length with JSNI body
🔄 JSNIAdapter: Found native method, letting transpiler handle conversion: push
JSNI DETECTED: push in class JsArray
JSNI CONVERTED: push with JSNI body
🔄 JSNIAdapter: Found native method, letting transpiler handle conversion: set
JSNI DETECTED: set in class JsArray
JSNI CONVERTED: set with JSNI body
🔄 JSNIAdapter: Found native method, letting transpiler handle conversion: setLength
JSNI DETECTED: setLength in class JsArray
JSNI CONVERTED: setLength with JSNI body
🔄 JSNIAdapter: Found native method, letting transpiler handle conversion: shift
JSNI DETECTED: shift in class JsArray
JSNI CONVERTED: shift with JSNI body
🔄 JSNIAdapter: Found native method, letting transpiler handle conversion: unshift
JSNI DETECTED: unshift in class JsArray
JSNI CONVERTED: unshift with JSNI body
🔍 JSNIAdapter: Processing JSNI comment blocks for compilation unit
✅ JSNIAdapter: Processed JSNI methods
🔄 JSNIAdapter: Found native method, letting transpiler handle conversion: getBoolean
JSNI DETECTED: getBoolean in class JsArrayMixed
JSNI CONVERTED: getBoolean with JSNI body
🔄 JSNIAdapter: Found native method, letting transpiler handle conversion: getNumber
JSNI DETECTED: getNumber in class JsArrayMixed
JSNI CONVERTED: getNumber with JSNI body
🔄 JSNIAdapter: Found native method, letting transpiler handle conversion: getObject
JSNI DETECTED: getObject in class JsArrayMixed
JSNI CONVERTED: getObject with JSNI body
🔄 JSNIAdapter: Found native method, letting transpiler handle conversion: getString
JSNI DETECTED: getString in class JsArrayMixed
JSNI CONVERTED: getString with JSNI body
🔄 JSNIAdapter: Found native method, letting transpiler handle conversion: join
🔄 JSNIAdapter: Found native method, letting transpiler handle conversion: join
JSNI DETECTED: join in class JsArrayMixed
JSNI CONVERTED: join with JSNI body
JSNI DETECTED: join in class JsArrayMixed
🔄 JSNIAdapter: Found native method, letting transpiler handle conversion: length
JSNI DETECTED: length in class JsArrayMixed
JSNI CONVERTED: length with JSNI body
🔄 JSNIAdapter: Found native method, letting transpiler handle conversion: push
JSNI DETECTED: push in class JsArrayMixed
JSNI CONVERTED: push with JSNI body
🔄 JSNIAdapter: Found native method, letting transpiler handle conversion: push
JSNI DETECTED: push in class JsArrayMixed
JSNI CONVERTED: push with JSNI body
🔄 JSNIAdapter: Found native method, letting transpiler handle conversion: push
🔄 JSNIAdapter: Found native method, letting transpiler handle conversion: push
JSNI DETECTED: push in class JsArrayMixed
JSNI CONVERTED: push with JSNI body
JSNI DETECTED: push in class JsArrayMixed
🔄 JSNIAdapter: Found native method, letting transpiler handle conversion: push
JSNI DETECTED: push in class JsArrayMixed
JSNI CONVERTED: push with JSNI body
🔄 JSNIAdapter: Found native method, letting transpiler handle conversion: set
JSNI DETECTED: set in class JsArrayMixed
JSNI CONVERTED: set with JSNI body
🔄 JSNIAdapter: Found native method, letting transpiler handle conversion: set
JSNI DETECTED: set in class JsArrayMixed
JSNI CONVERTED: set with JSNI body
🔄 JSNIAdapter: Found native method, letting transpiler handle conversion: set
🔄 JSNIAdapter: Found native method, letting transpiler handle conversion: set
JSNI DETECTED: set in class JsArrayMixed
JSNI CONVERTED: set with JSNI body
JSNI DETECTED: set in class JsArrayMixed
🔄 JSNIAdapter: Found native method, letting transpiler handle conversion: set
JSNI DETECTED: set in class JsArrayMixed
JSNI CONVERTED: set with JSNI body
🔄 JSNIAdapter: Found native method, letting transpiler handle conversion: setLength
JSNI DETECTED: setLength in class JsArrayMixed
JSNI CONVERTED: setLength with JSNI body
🔄 JSNIAdapter: Found native method, letting transpiler handle conversion: shiftBoolean
JSNI DETECTED: shiftBoolean in class JsArrayMixed
JSNI CONVERTED: shiftBoolean with JSNI body
🔄 JSNIAdapter: Found native method, letting transpiler handle conversion: shiftNumber
JSNI DETECTED: shiftNumber in class JsArrayMixed
JSNI CONVERTED: shiftNumber with JSNI body
🔄 JSNIAdapter: Found native method, letting transpiler handle conversion: shiftObject
JSNI DETECTED: shiftObject in class JsArrayMixed
JSNI CONVERTED: shiftObject with JSNI body
🔄 JSNIAdapter: Found native method, letting transpiler handle conversion: shiftString
JSNI DETECTED: shiftString in class JsArrayMixed
JSNI CONVERTED: shiftString with JSNI body
🔄 JSNIAdapter: Found native method, letting transpiler handle conversion: unshift
JSNI DETECTED: unshift in class JsArrayMixed
JSNI CONVERTED: unshift with JSNI body
🔄 JSNIAdapter: Found native method, letting transpiler handle conversion: unshift
JSNI DETECTED: unshift in class JsArrayMixed
JSNI CONVERTED: unshift with JSNI body
🔄 JSNIAdapter: Found native method, letting transpiler handle conversion: unshift
🔄 JSNIAdapter: Found native method, letting transpiler handle conversion: unshift
JSNI DETECTED: unshift in class JsArrayMixed
JSNI CONVERTED: unshift with JSNI body
JSNI DETECTED: unshift in class JsArrayMixed
🔄 JSNIAdapter: Found native method, letting transpiler handle conversion: unshift
JSNI DETECTED: unshift in class JsArrayMixed
JSNI CONVERTED: unshift with JSNI body
🔍 JSNIAdapter: Processing JSNI comment blocks for compilation unit
✅ JSNIAdapter: Processed JSNI methods
🔄 JSNIAdapter: Found native method, letting transpiler handle conversion: create
JSNI DETECTED: create in class JsDate
JSNI CONVERTED: create with JSNI body
🔄 JSNIAdapter: Found native method, letting transpiler handle conversion: create
JSNI DETECTED: create in class JsDate
JSNI CONVERTED: create with JSNI body
🔄 JSNIAdapter: Found native method, letting transpiler handle conversion: create
JSNI DETECTED: create in class JsDate
JSNI CONVERTED: create with JSNI body
🔄 JSNIAdapter: Found native method, letting transpiler handle conversion: create
JSNI DETECTED: create in class JsDate
JSNI CONVERTED: create with JSNI body
🔄 JSNIAdapter: Found native method, letting transpiler handle conversion: create
JSNI DETECTED: create in class JsDate
JSNI CONVERTED: create with JSNI body
🔄 JSNIAdapter: Found native method, letting transpiler handle conversion: create
JSNI DETECTED: create in class JsDate
JSNI CONVERTED: create with JSNI body
🔄 JSNIAdapter: Found native method, letting transpiler handle conversion: create
JSNI DETECTED: create in class JsDate
JSNI CONVERTED: create with JSNI body
🔄 JSNIAdapter: Found native method, letting transpiler handle conversion: create
🔄 JSNIAdapter: Found native method, letting transpiler handle conversion: create
JSNI DETECTED: create in class JsDate
JSNI CONVERTED: create with JSNI body
JSNI DETECTED: create in class JsDate
🔄 JSNIAdapter: Found native method, letting transpiler handle conversion: create
JSNI DETECTED: create in class JsDate
JSNI CONVERTED: create with JSNI body
🔄 JSNIAdapter: Found native method, letting transpiler handle conversion: now
JSNI DETECTED: now in class JsDate
JSNI CONVERTED: now with JSNI body
🔄 JSNIAdapter: Found native method, letting transpiler handle conversion: parse
JSNI DETECTED: parse in class JsDate
JSNI CONVERTED: parse with JSNI body
🔄 JSNIAdapter: Found native method, letting transpiler handle conversion: UTC
JSNI DETECTED: UTC in class JsDate
JSNI CONVERTED: UTC with JSNI body
🔄 JSNIAdapter: Found native method, letting transpiler handle conversion: getDate
JSNI DETECTED: getDate in class JsDate
JSNI CONVERTED: getDate with JSNI body
🔄 JSNIAdapter: Found native method, letting transpiler handle conversion: getDay
JSNI DETECTED: getDay in class JsDate
JSNI CONVERTED: getDay with JSNI body
🔄 JSNIAdapter: Found native method, letting transpiler handle conversion: getFullYear
JSNI DETECTED: getFullYear in class JsDate
JSNI CONVERTED: getFullYear with JSNI body
🔄 JSNIAdapter: Found native method, letting transpiler handle conversion: getHours
JSNI DETECTED: getHours in class JsDate
JSNI CONVERTED: getHours with JSNI body
🔄 JSNIAdapter: Found native method, letting transpiler handle conversion: getMilliseconds
JSNI DETECTED: getMilliseconds in class JsDate
JSNI CONVERTED: getMilliseconds with JSNI body
🔄 JSNIAdapter: Found native method, letting transpiler handle conversion: getMinutes
JSNI DETECTED: getMinutes in class JsDate
JSNI CONVERTED: getMinutes with JSNI body
🔄 JSNIAdapter: Found native method, letting transpiler handle conversion: getMonth
JSNI DETECTED: getMonth in class JsDate
JSNI CONVERTED: getMonth with JSNI body
🔄 JSNIAdapter: Found native method, letting transpiler handle conversion: getSeconds
JSNI DETECTED: getSeconds in class JsDate
JSNI CONVERTED: getSeconds with JSNI body
🔄 JSNIAdapter: Found native method, letting transpiler handle conversion: getTime
JSNI DETECTED: getTime in class JsDate
JSNI CONVERTED: getTime with JSNI body
🔄 JSNIAdapter: Found native method, letting transpiler handle conversion: getTimezoneOffset
JSNI DETECTED: getTimezoneOffset in class JsDate
JSNI CONVERTED: getTimezoneOffset with JSNI body
🔄 JSNIAdapter: Found native method, letting transpiler handle conversion: getUTCDate
JSNI DETECTED: getUTCDate in class JsDate
JSNI CONVERTED: getUTCDate with JSNI body
🔄 JSNIAdapter: Found native method, letting transpiler handle conversion: getUTCDay
JSNI DETECTED: getUTCDay in class JsDate
JSNI CONVERTED: getUTCDay with JSNI body
🔄 JSNIAdapter: Found native method, letting transpiler handle conversion: getUTCFullYear
JSNI DETECTED: getUTCFullYear in class JsDate
JSNI CONVERTED: getUTCFullYear with JSNI body
🔄 JSNIAdapter: Found native method, letting transpiler handle conversion: getUTCHours
JSNI DETECTED: getUTCHours in class JsDate
JSNI CONVERTED: getUTCHours with JSNI body
🔄 JSNIAdapter: Found native method, letting transpiler handle conversion: getUTCMilliseconds
JSNI DETECTED: getUTCMilliseconds in class JsDate
JSNI CONVERTED: getUTCMilliseconds with JSNI body
🔄 JSNIAdapter: Found native method, letting transpiler handle conversion: getUTCMinutes
JSNI DETECTED: getUTCMinutes in class JsDate
JSNI CONVERTED: getUTCMinutes with JSNI body
🔄 JSNIAdapter: Found native method, letting transpiler handle conversion: getUTCMonth
JSNI DETECTED: getUTCMonth in class JsDate
JSNI CONVERTED: getUTCMonth with JSNI body
🔄 JSNIAdapter: Found native method, letting transpiler handle conversion: getUTCSeconds
JSNI DETECTED: getUTCSeconds in class JsDate
JSNI CONVERTED: getUTCSeconds with JSNI body
🔄 JSNIAdapter: Found native method, letting transpiler handle conversion: getYear
JSNI DETECTED: getYear in class JsDate
JSNI CONVERTED: getYear with JSNI body
🔄 JSNIAdapter: Found native method, letting transpiler handle conversion: setDate
JSNI DETECTED: setDate in class JsDate
JSNI CONVERTED: setDate with JSNI body
🔄 JSNIAdapter: Found native method, letting transpiler handle conversion: setFullYear
JSNI DETECTED: setFullYear in class JsDate
JSNI CONVERTED: setFullYear with JSNI body
🔄 JSNIAdapter: Found native method, letting transpiler handle conversion: setFullYear
JSNI DETECTED: setFullYear in class JsDate
JSNI CONVERTED: setFullYear with JSNI body
🔄 JSNIAdapter: Found native method, letting transpiler handle conversion: setFullYear
🔄 JSNIAdapter: Found native method, letting transpiler handle conversion: setFullYear
JSNI DETECTED: setFullYear in class JsDate
JSNI CONVERTED: setFullYear with JSNI body
JSNI DETECTED: setFullYear in class JsDate
🔄 JSNIAdapter: Found native method, letting transpiler handle conversion: setHours
JSNI DETECTED: setHours in class JsDate
JSNI CONVERTED: setHours with JSNI body
🔄 JSNIAdapter: Found native method, letting transpiler handle conversion: setHours
JSNI DETECTED: setHours in class JsDate
JSNI CONVERTED: setHours with JSNI body
🔄 JSNIAdapter: Found native method, letting transpiler handle conversion: setHours
JSNI DETECTED: setHours in class JsDate
JSNI CONVERTED: setHours with JSNI body
🔄 JSNIAdapter: Found native method, letting transpiler handle conversion: setHours
🔄 JSNIAdapter: Found native method, letting transpiler handle conversion: setHours
JSNI DETECTED: setHours in class JsDate
JSNI CONVERTED: setHours with JSNI body
JSNI DETECTED: setHours in class JsDate
🔄 JSNIAdapter: Found native method, letting transpiler handle conversion: setMinutes
JSNI DETECTED: setMinutes in class JsDate
JSNI CONVERTED: setMinutes with JSNI body
🔄 JSNIAdapter: Found native method, letting transpiler handle conversion: setMinutes
JSNI DETECTED: setMinutes in class JsDate
JSNI CONVERTED: setMinutes with JSNI body
🔄 JSNIAdapter: Found native method, letting transpiler handle conversion: setMinutes
🔄 JSNIAdapter: Found native method, letting transpiler handle conversion: setMinutes
JSNI DETECTED: setMinutes in class JsDate
JSNI CONVERTED: setMinutes with JSNI body
JSNI DETECTED: setMinutes in class JsDate
🔄 JSNIAdapter: Found native method, letting transpiler handle conversion: setMonth
JSNI DETECTED: setMonth in class JsDate
JSNI CONVERTED: setMonth with JSNI body
🔄 JSNIAdapter: Found native method, letting transpiler handle conversion: setMonth
🔄 JSNIAdapter: Found native method, letting transpiler handle conversion: setMonth
JSNI DETECTED: setMonth in class JsDate
JSNI CONVERTED: setMonth with JSNI body
JSNI DETECTED: setMonth in class JsDate
🔄 JSNIAdapter: Found native method, letting transpiler handle conversion: setSeconds
JSNI DETECTED: setSeconds in class JsDate
JSNI CONVERTED: setSeconds with JSNI body
🔄 JSNIAdapter: Found native method, letting transpiler handle conversion: setSeconds
🔄 JSNIAdapter: Found native method, letting transpiler handle conversion: setSeconds
JSNI DETECTED: setSeconds in class JsDate
JSNI CONVERTED: setSeconds with JSNI body
JSNI DETECTED: setSeconds in class JsDate
🔄 JSNIAdapter: Found native method, letting transpiler handle conversion: setTime
JSNI DETECTED: setTime in class JsDate
JSNI CONVERTED: setTime with JSNI body
🔄 JSNIAdapter: Found native method, letting transpiler handle conversion: setUTCDate
JSNI DETECTED: setUTCDate in class JsDate
JSNI CONVERTED: setUTCDate with JSNI body
🔄 JSNIAdapter: Found native method, letting transpiler handle conversion: setUTCFullYear
JSNI DETECTED: setUTCFullYear in class JsDate
JSNI CONVERTED: setUTCFullYear with JSNI body
🔄 JSNIAdapter: Found native method, letting transpiler handle conversion: setUTCFullYear
JSNI DETECTED: setUTCFullYear in class JsDate
JSNI CONVERTED: setUTCFullYear with JSNI body
🔄 JSNIAdapter: Found native method, letting transpiler handle conversion: setUTCFullYear
🔄 JSNIAdapter: Found native method, letting transpiler handle conversion: setUTCFullYear
JSNI DETECTED: setUTCFullYear in class JsDate
JSNI CONVERTED: setUTCFullYear with JSNI body
JSNI DETECTED: setUTCFullYear in class JsDate
🔄 JSNIAdapter: Found native method, letting transpiler handle conversion: setUTCHours
JSNI DETECTED: setUTCHours in class JsDate
JSNI CONVERTED: setUTCHours with JSNI body
🔄 JSNIAdapter: Found native method, letting transpiler handle conversion: setUTCHours
JSNI DETECTED: setUTCHours in class JsDate
JSNI CONVERTED: setUTCHours with JSNI body
🔄 JSNIAdapter: Found native method, letting transpiler handle conversion: setUTCHours
JSNI DETECTED: setUTCHours in class JsDate
JSNI CONVERTED: setUTCHours with JSNI body
🔄 JSNIAdapter: Found native method, letting transpiler handle conversion: setUTCHours
🔄 JSNIAdapter: Found native method, letting transpiler handle conversion: setUTCHours
JSNI DETECTED: setUTCHours in class JsDate
JSNI CONVERTED: setUTCHours with JSNI body
JSNI DETECTED: setUTCHours in class JsDate
🔄 JSNIAdapter: Found native method, letting transpiler handle conversion: setUTCMinutes
JSNI DETECTED: setUTCMinutes in class JsDate
JSNI CONVERTED: setUTCMinutes with JSNI body
🔄 JSNIAdapter: Found native method, letting transpiler handle conversion: setUTCMinutes
JSNI DETECTED: setUTCMinutes in class JsDate
JSNI CONVERTED: setUTCMinutes with JSNI body
🔄 JSNIAdapter: Found native method, letting transpiler handle conversion: setUTCMinutes
🔄 JSNIAdapter: Found native method, letting transpiler handle conversion: setUTCMinutes
JSNI DETECTED: setUTCMinutes in class JsDate
JSNI CONVERTED: setUTCMinutes with JSNI body
JSNI DETECTED: setUTCMinutes in class JsDate
🔄 JSNIAdapter: Found native method, letting transpiler handle conversion: setUTCMonth
JSNI DETECTED: setUTCMonth in class JsDate
JSNI CONVERTED: setUTCMonth with JSNI body
🔄 JSNIAdapter: Found native method, letting transpiler handle conversion: setUTCMonth
🔄 JSNIAdapter: Found native method, letting transpiler handle conversion: setUTCMonth
JSNI DETECTED: setUTCMonth in class JsDate
JSNI CONVERTED: setUTCMonth with JSNI body
JSNI DETECTED: setUTCMonth in class JsDate
🔄 JSNIAdapter: Found native method, letting transpiler handle conversion: setUTCSeconds
JSNI DETECTED: setUTCSeconds in class JsDate
JSNI CONVERTED: setUTCSeconds with JSNI body
🔄 JSNIAdapter: Found native method, letting transpiler handle conversion: setUTCSeconds
🔄 JSNIAdapter: Found native method, letting transpiler handle conversion: setUTCSeconds
JSNI DETECTED: setUTCSeconds in class JsDate
JSNI CONVERTED: setUTCSeconds with JSNI body
JSNI DETECTED: setUTCSeconds in class JsDate
🔄 JSNIAdapter: Found native method, letting transpiler handle conversion: setYear
JSNI DETECTED: setYear in class JsDate
JSNI CONVERTED: setYear with JSNI body
🔄 JSNIAdapter: Found native method, letting transpiler handle conversion: toDateString
JSNI DETECTED: toDateString in class JsDate
JSNI CONVERTED: toDateString with JSNI body
🔄 JSNIAdapter: Found native method, letting transpiler handle conversion: toGMTString
JSNI DETECTED: toGMTString in class JsDate
JSNI CONVERTED: toGMTString with JSNI body
🔄 JSNIAdapter: Found native method, letting transpiler handle conversion: toLocaleDateString
JSNI DETECTED: toLocaleDateString in class JsDate
JSNI CONVERTED: toLocaleDateString with JSNI body
🔄 JSNIAdapter: Found native method, letting transpiler handle conversion: toLocaleString
JSNI DETECTED: toLocaleString in class JsDate
JSNI CONVERTED: toLocaleString with JSNI body
🔄 JSNIAdapter: Found native method, letting transpiler handle conversion: toLocaleTimeString
JSNI DETECTED: toLocaleTimeString in class JsDate
JSNI CONVERTED: toLocaleTimeString with JSNI body
🔄 JSNIAdapter: Found native method, letting transpiler handle conversion: toTimeString
JSNI DETECTED: toTimeString in class JsDate
JSNI CONVERTED: toTimeString with JSNI body
🔄 JSNIAdapter: Found native method, letting transpiler handle conversion: toUTCString
JSNI DETECTED: toUTCString in class JsDate
JSNI CONVERTED: toUTCString with JSNI body
🔄 JSNIAdapter: Found native method, letting transpiler handle conversion: valueOf
JSNI DETECTED: valueOf in class JsDate
JSNI CONVERTED: valueOf with JSNI body
🔍 JSNIAdapter: Processing JSNI comment blocks for compilation unit
✅ JSNIAdapter: Processed JSNI methods
🔄 JSNIAdapter: Found native method, letting transpiler handle conversion: stringify
JSNI DETECTED: stringify in class JsonUtils
JSNI CONVERTED: stringify with JSNI body
🔄 JSNIAdapter: Found native method, letting transpiler handle conversion: stringify
🔄 JSNIAdapter: Found native method, letting transpiler handle conversion: stringify
JSNI DETECTED: stringify in class JsonUtils
JSNI CONVERTED: stringify with JSNI body
JSNI DETECTED: stringify in class JsonUtils
🔄 JSNIAdapter: Found native method, letting transpiler handle conversion: escapeJsonForEval
JSNI DETECTED: escapeJsonForEval in class JsonUtils
JSNI CONVERTED: escapeJsonForEval with JSNI body
🔄 JSNIAdapter: Found native method, letting transpiler handle conversion: escapeValue
JSNI DETECTED: escapeValue in class JsonUtils
JSNI CONVERTED: escapeValue with JSNI body
🔄 JSNIAdapter: Found native method, letting transpiler handle conversion: safeEval
JSNI DETECTED: safeEval in class JsonUtils
JSNI CONVERTED: safeEval with JSNI body
🔄 JSNIAdapter: Found native method, letting transpiler handle conversion: safeToEval
JSNI DETECTED: safeToEval in class JsonUtils
JSNI CONVERTED: safeToEval with JSNI body
🔄 JSNIAdapter: Found native method, letting transpiler handle conversion: unsafeEval
JSNI DETECTED: unsafeEval in class JsonUtils
JSNI CONVERTED: unsafeEval with JSNI body
🔄 JSNIAdapter: Found native method, letting transpiler handle conversion: escapeChar
JSNI DETECTED: escapeChar in class JsonUtils
JSNI CONVERTED: escapeChar with JSNI body
🔄 JSNIAdapter: Found native method, letting transpiler handle conversion: initEscapeTable
JSNI DETECTED: initEscapeTable in class JsonUtils
JSNI CONVERTED: initEscapeTable with JSNI body
🔍 JSNIAdapter: Processing JSNI comment blocks for compilation unit
✅ JSNIAdapter: Processed JSNI methods
🔄 JSNIAdapter: Found native method, letting transpiler handle conversion: get
JSNI DETECTED: get in class JsArrayBoolean
JSNI CONVERTED: get with JSNI body
🔄 JSNIAdapter: Found native method, letting transpiler handle conversion: join
🔄 JSNIAdapter: Found native method, letting transpiler handle conversion: join
JSNI DETECTED: join in class JsArrayBoolean
JSNI CONVERTED: join with JSNI body
JSNI DETECTED: join in class JsArrayBoolean
🔄 JSNIAdapter: Found native method, letting transpiler handle conversion: length
JSNI DETECTED: length in class JsArrayBoolean
JSNI CONVERTED: length with JSNI body
🔄 JSNIAdapter: Found native method, letting transpiler handle conversion: push
JSNI DETECTED: push in class JsArrayBoolean
JSNI CONVERTED: push with JSNI body
🔄 JSNIAdapter: Found native method, letting transpiler handle conversion: set
JSNI DETECTED: set in class JsArrayBoolean
JSNI CONVERTED: set with JSNI body
🔄 JSNIAdapter: Found native method, letting transpiler handle conversion: setLength
JSNI DETECTED: setLength in class JsArrayBoolean
JSNI CONVERTED: setLength with JSNI body
🔄 JSNIAdapter: Found native method, letting transpiler handle conversion: shift
JSNI DETECTED: shift in class JsArrayBoolean
JSNI CONVERTED: shift with JSNI body
🔄 JSNIAdapter: Found native method, letting transpiler handle conversion: unshift
JSNI DETECTED: unshift in class JsArrayBoolean
JSNI CONVERTED: unshift with JSNI body
🔍 JSNIAdapter: Processing JSNI comment blocks for compilation unit
✅ JSNIAdapter: Processed JSNI methods
🔄 JSNIAdapter: Found native method, letting transpiler handle conversion: createArray
JSNI DETECTED: createArray in class JavaScriptObject
JSNI CONVERTED: createArray with JSNI body
🔄 JSNIAdapter: Found native method, letting transpiler handle conversion: createArray
🔄 JSNIAdapter: Found native method, letting transpiler handle conversion: createArray
JSNI DETECTED: createArray in class JavaScriptObject
JSNI CONVERTED: createArray with JSNI body
JSNI DETECTED: createArray in class JavaScriptObject
🔄 JSNIAdapter: Found native method, letting transpiler handle conversion: createFunction
JSNI DETECTED: createFunction in class JavaScriptObject
JSNI CONVERTED: createFunction with JSNI body
🔄 JSNIAdapter: Found native method, letting transpiler handle conversion: createObject
JSNI DETECTED: createObject in class JavaScriptObject
JSNI CONVERTED: createObject with JSNI body
🔄 JSNIAdapter: Found native method, letting transpiler handle conversion: toStringSimple
JSNI DETECTED: toStringSimple in class JavaScriptObject
JSNI CONVERTED: toStringSimple with JSNI body
🔄 JSNIAdapter: Found native method, letting transpiler handle conversion: toStringVerbose
JSNI DETECTED: toStringVerbose in class JavaScriptObject
JSNI CONVERTED: toStringVerbose with JSNI body
🔄 JSNIAdapter: Found native method, letting transpiler handle conversion: toSource
JSNI DETECTED: toSource in class JavaScriptObject
JSNI CONVERTED: toSource with JSNI body
🔄 JSNIAdapter: Found native method, letting transpiler handle conversion: hasEquals
JSNI DETECTED: hasEquals in class JavaScriptObject
JSNI CONVERTED: hasEquals with JSNI body
🔄 JSNIAdapter: Found native method, letting transpiler handle conversion: hasHashCode
JSNI DETECTED: hasHashCode in class JavaScriptObject
JSNI CONVERTED: hasHashCode with JSNI body
🔄 JSNIAdapter: Found native method, letting transpiler handle conversion: callEquals
JSNI DETECTED: callEquals in class JavaScriptObject
JSNI CONVERTED: callEquals with JSNI body
🔄 JSNIAdapter: Found native method, letting transpiler handle conversion: callHashCode
JSNI DETECTED: callHashCode in class JavaScriptObject
JSNI CONVERTED: callHashCode with JSNI body
🔍 JSNIAdapter: Processing JSNI comment blocks for compilation unit
✅ JSNIAdapter: Processed JSNI methods
🔄 JSNIAdapter: Found native method, letting transpiler handle conversion: box
JSNI DETECTED: box in class JsoBoxer
JSNI CONVERTED: box with JSNI body
🔍 JSNIAdapter: Processing JSNI comment blocks for compilation unit
✅ JSNIAdapter: Processed JSNI methods
🔄 JSNIAdapter: Found native method, letting transpiler handle conversion: evalObject
JSNI DETECTED: evalObject in class ExternalTextResourcePrototype
JSNI CONVERTED: evalObject with JSNI body
🔄 JSNIAdapter: Found native method, letting transpiler handle conversion: extractString
JSNI DETECTED: extractString in class ExternalTextResourcePrototype
JSNI CONVERTED: extractString with JSNI body
🔍 JSNIAdapter: Processing JSNI comment blocks for compilation unit
✅ JSNIAdapter: Processed JSNI methods
🔄 JSNIAdapter: Found native method, letting transpiler handle conversion: isNativelySupported
JSNI DETECTED: isNativelySupported in class AnimationSupportDetector
JSNI CONVERTED: isNativelySupported with JSNI body
🔍 JSNIAdapter: Processing JSNI comment blocks for compilation unit
✅ JSNIAdapter: Processed JSNI methods
🔄 JSNIAdapter: Found native method, letting transpiler handle conversion: requestImpl
JSNI DETECTED: requestImpl in class AnimationSchedulerImplStandard
JSNI CONVERTED: requestImpl with JSNI body
🔄 JSNIAdapter: Found native method, letting transpiler handle conversion: cancelImpl
JSNI DETECTED: cancelImpl in class AnimationSchedulerImplStandard
JSNI CONVERTED: cancelImpl with JSNI body
🔍 JSNIAdapter: Processing JSNI comment blocks for compilation unit
✅ JSNIAdapter: Processed JSNI methods
🔄 JSNIAdapter: Found native method, letting transpiler handle conversion: initEventSystem
JSNI DETECTED: initEventSystem in class CellBasedWidgetImplStandard
JSNI CONVERTED: initEventSystem with JSNI body
🔄 JSNIAdapter: Found native method, letting transpiler handle conversion: sinkEventImpl
JSNI DETECTED: sinkEventImpl in class CellBasedWidgetImplStandard
JSNI CONVERTED: sinkEventImpl with JSNI body
🔍 JSNIAdapter: Processing JSNI comment blocks for compilation unit
✅ JSNIAdapter: Processed JSNI methods
🔄 JSNIAdapter: Found native method, letting transpiler handle conversion: isGecko192OrBefore
JSNI DETECTED: isGecko192OrBefore in class ImplMozilla
JSNI CONVERTED: isGecko192OrBefore with JSNI body
🔍 JSNIAdapter: Processing JSNI comment blocks for compilation unit
✅ JSNIAdapter: Processed JSNI methods
🔄 JSNIAdapter: Found native method, letting transpiler handle conversion: adopt
JSNI DETECTED: adopt in class AbstractHasData
JSNI CONVERTED: adopt with JSNI body
🔄 JSNIAdapter: Found native method, letting transpiler handle conversion: doAttach
JSNI DETECTED: doAttach in class AbstractHasData
JSNI CONVERTED: doAttach with JSNI body
🔄 JSNIAdapter: Found native method, letting transpiler handle conversion: doDetach
JSNI DETECTED: doDetach in class AbstractHasData
JSNI CONVERTED: doDetach with JSNI body
🔍 JSNIAdapter: Processing JSNI comment blocks for compilation unit
✅ JSNIAdapter: Processed JSNI methods
🔄 JSNIAdapter: Found native method, letting transpiler handle conversion: sortJsArrayInteger
JSNI DETECTED: sortJsArrayInteger in class HasDataPresenter
JSNI CONVERTED: sortJsArrayInteger with JSNI body
🔍 JSNIAdapter: Processing JSNI comment blocks for compilation unit
✅ JSNIAdapter: Processed JSNI methods
🔄 JSNIAdapter: Found native method, letting transpiler handle conversion: getEventListener
JSNI DETECTED: getEventListener in class DOMImpl
JSNI CONVERTED: getEventListener with JSNI body
🔄 JSNIAdapter: Found native method, letting transpiler handle conversion: setEventListener
JSNI DETECTED: setEventListener in class DOMImpl
JSNI CONVERTED: setEventListener with JSNI body
🔄 JSNIAdapter: Found native method, letting transpiler handle conversion: eventCancelBubble
JSNI DETECTED: eventCancelBubble in class DOMImpl
JSNI CONVERTED: eventCancelBubble with JSNI body
🔄 JSNIAdapter: Found native method, letting transpiler handle conversion: eventGetRepeat
JSNI DETECTED: eventGetRepeat in class DOMImpl
JSNI CONVERTED: eventGetRepeat with JSNI body
🔄 JSNIAdapter: Found native method, letting transpiler handle conversion: eventGetTypeInt
JSNI DETECTED: eventGetTypeInt in class DOMImpl
JSNI CONVERTED: eventGetTypeInt with JSNI body
🔄 JSNIAdapter: Found native method, letting transpiler handle conversion: eventSetKeyCode
JSNI DETECTED: eventSetKeyCode in class DOMImpl
JSNI CONVERTED: eventSetKeyCode with JSNI body
🔄 JSNIAdapter: Found native method, letting transpiler handle conversion: getEventsSunk
JSNI DETECTED: getEventsSunk in class DOMImpl
JSNI CONVERTED: getEventsSunk with JSNI body
🔍 JSNIAdapter: Processing JSNI comment blocks for compilation unit
✅ JSNIAdapter: Processed JSNI methods
🔄 JSNIAdapter: Found native method, letting transpiler handle conversion: addMozillaCaptureEventDispatchers
JSNI DETECTED: addMozillaCaptureEventDispatchers in class DOMImplMozilla
JSNI CONVERTED: addMozillaCaptureEventDispatchers with JSNI body
🔄 JSNIAdapter: Found native method, letting transpiler handle conversion: sinkEventsMozilla
JSNI DETECTED: sinkEventsMozilla in class DOMImplMozilla
JSNI CONVERTED: sinkEventsMozilla with JSNI body
🔄 JSNIAdapter: Found native method, letting transpiler handle conversion: initSyntheticMouseUpEvents
JSNI DETECTED: initSyntheticMouseUpEvents in class DOMImplMozilla
JSNI CONVERTED: initSyntheticMouseUpEvents with JSNI body
🔍 JSNIAdapter: Processing JSNI comment blocks for compilation unit
✅ JSNIAdapter: Processed JSNI methods
🔄 JSNIAdapter: Found native method, letting transpiler handle conversion: clearIndex
JSNI DETECTED: clearIndex in class ElementMapperImpl
JSNI CONVERTED: clearIndex with JSNI body
🔄 JSNIAdapter: Found native method, letting transpiler handle conversion: getIndex
JSNI DETECTED: getIndex in class ElementMapperImpl
JSNI CONVERTED: getIndex with JSNI body
🔄 JSNIAdapter: Found native method, letting transpiler handle conversion: setIndex
JSNI DETECTED: setIndex in class ElementMapperImpl
JSNI CONVERTED: setIndex with JSNI body
🔍 JSNIAdapter: Processing JSNI comment blocks for compilation unit
✅ JSNIAdapter: Processed JSNI methods
🔄 JSNIAdapter: Found native method, letting transpiler handle conversion: copyTo
JSNI DETECTED: copyTo in class EventMap
JSNI CONVERTED: copyTo with JSNI body
🔄 JSNIAdapter: Found native method, letting transpiler handle conversion: foreach
JSNI DETECTED: foreach in class EventMap
JSNI CONVERTED: foreach with JSNI body
🔍 JSNIAdapter: Processing JSNI comment blocks for compilation unit
✅ JSNIAdapter: Processed JSNI methods
🔄 JSNIAdapter: Found native method, letting transpiler handle conversion: getChild
JSNI DETECTED: getChild in class DOMImplStandard
JSNI CONVERTED: getChild with JSNI body
🔄 JSNIAdapter: Found native method, letting transpiler handle conversion: getChildCount
JSNI DETECTED: getChildCount in class DOMImplStandard
JSNI CONVERTED: getChildCount with JSNI body
🔄 JSNIAdapter: Found native method, letting transpiler handle conversion: getChildIndex
JSNI DETECTED: getChildIndex in class DOMImplStandard
JSNI CONVERTED: getChildIndex with JSNI body
🔄 JSNIAdapter: Found native method, letting transpiler handle conversion: insertChild
JSNI DETECTED: insertChild in class DOMImplStandard
JSNI CONVERTED: insertChild with JSNI body
🔄 JSNIAdapter: Found native method, letting transpiler handle conversion: initEventSystem
JSNI DETECTED: initEventSystem in class DOMImplStandard
JSNI CONVERTED: initEventSystem with JSNI body
🔄 JSNIAdapter: Found native method, letting transpiler handle conversion: sinkBitlessEventImpl
JSNI DETECTED: sinkBitlessEventImpl in class DOMImplStandard
JSNI CONVERTED: sinkBitlessEventImpl with JSNI body
🔄 JSNIAdapter: Found native method, letting transpiler handle conversion: sinkEventsImpl
JSNI DETECTED: sinkEventsImpl in class DOMImplStandard
JSNI CONVERTED: sinkEventsImpl with JSNI body
🔄 JSNIAdapter: Found native method, letting transpiler handle conversion: getBitlessEventDispatchers
JSNI DETECTED: getBitlessEventDispatchers in class DOMImplStandard
JSNI CONVERTED: getBitlessEventDispatchers with JSNI body
🔄 JSNIAdapter: Found native method, letting transpiler handle conversion: getCaptureEventDispatchers
JSNI DETECTED: getCaptureEventDispatchers in class DOMImplStandard
JSNI CONVERTED: getCaptureEventDispatchers with JSNI body
🔍 JSNIAdapter: Processing JSNI comment blocks for compilation unit
✅ JSNIAdapter: Processed JSNI methods
🔄 JSNIAdapter: Found native method, letting transpiler handle conversion: getHash
JSNI DETECTED: getHash in class WindowImpl
JSNI CONVERTED: getHash with JSNI body
🔄 JSNIAdapter: Found native method, letting transpiler handle conversion: getQueryString
JSNI DETECTED: getQueryString in class WindowImpl
JSNI CONVERTED: getQueryString with JSNI body
🔄 JSNIAdapter: Found native method, letting transpiler handle conversion: initWindowCloseHandler
JSNI DETECTED: initWindowCloseHandler in class WindowImpl
JSNI CONVERTED: initWindowCloseHandler with JSNI body
🔄 JSNIAdapter: Found native method, letting transpiler handle conversion: initWindowResizeHandler
JSNI DETECTED: initWindowResizeHandler in class WindowImpl
JSNI CONVERTED: initWindowResizeHandler with JSNI body
🔄 JSNIAdapter: Found native method, letting transpiler handle conversion: initWindowScrollHandler
JSNI DETECTED: initWindowScrollHandler in class WindowImpl
JSNI CONVERTED: initWindowScrollHandler with JSNI body
🔍 JSNIAdapter: Processing JSNI comment blocks for compilation unit
✅ JSNIAdapter: Processed JSNI methods
🔄 JSNIAdapter: Found native method, letting transpiler handle conversion: getHash
JSNI DETECTED: getHash in class WindowImplMozilla
JSNI CONVERTED: getHash with JSNI body
🔍 JSNIAdapter: Processing JSNI comment blocks for compilation unit
✅ JSNIAdapter: Processed JSNI methods
🔄 JSNIAdapter: Found native method, letting transpiler handle conversion: initStaticHandlers
JSNI DETECTED: initStaticHandlers in class ScrollImplTrident
JSNI CONVERTED: initStaticHandlers with JSNI body
🔄 JSNIAdapter: Found native method, letting transpiler handle conversion: initialize
JSNI DETECTED: initialize in class ScrollImplTrident
JSNI CONVERTED: initialize with JSNI body
🔄 JSNIAdapter: Found native method, letting transpiler handle conversion: isRtl
JSNI DETECTED: isRtl in class ScrollImplTrident
JSNI CONVERTED: isRtl with JSNI body
🔄 JSNIAdapter: Found native method, letting transpiler handle conversion: isRtl
JSNI DETECTED: isRtl in class ScrollImpl
JSNI CONVERTED: isRtl with JSNI body
🔍 JSNIAdapter: Processing JSNI comment blocks for compilation unit
✅ JSNIAdapter: Processed JSNI methods
🔄 JSNIAdapter: Found native method, letting transpiler handle conversion: getRows
JSNI DETECTED: getRows in class HTMLTableStandardImpl
JSNI CONVERTED: getRows with JSNI body
🔄 JSNIAdapter: Found native method, letting transpiler handle conversion: getCells
JSNI DETECTED: getCells in class HTMLTableStandardImpl
JSNI CONVERTED: getCells with JSNI body
🔄 JSNIAdapter: Found native method, letting transpiler handle conversion: getRows
JSNI DETECTED: getRows in class HTMLTableIEImpl
JSNI CONVERTED: getRows with JSNI body
🔄 JSNIAdapter: Found native method, letting transpiler handle conversion: getCells
JSNI DETECTED: getCells in class HTMLTableIEImpl
JSNI CONVERTED: getCells with JSNI body
🔍 JSNIAdapter: Processing JSNI comment blocks for compilation unit
✅ JSNIAdapter: Processed JSNI methods
🔄 JSNIAdapter: Found native method, letting transpiler handle conversion: createOnLoadHandlerFunction
JSNI DETECTED: createOnLoadHandlerFunction in class ClippedImageImpl
JSNI CONVERTED: createOnLoadHandlerFunction with JSNI body
🔍 JSNIAdapter: Processing JSNI comment blocks for compilation unit
✅ JSNIAdapter: Processed JSNI methods
🔄 JSNIAdapter: Found native method, letting transpiler handle conversion: createFocusable0
JSNI DETECTED: createFocusable0 in class FocusImplStandard
JSNI CONVERTED: createFocusable0 with JSNI body
🔄 JSNIAdapter: Found native method, letting transpiler handle conversion: setAccessKey
JSNI DETECTED: setAccessKey in class FocusImplStandard
JSNI CONVERTED: setAccessKey with JSNI body
🔄 JSNIAdapter: Found native method, letting transpiler handle conversion: createFocusHandler
JSNI DETECTED: createFocusHandler in class FocusImplStandard
JSNI CONVERTED: createFocusHandler with JSNI body
🔍 JSNIAdapter: Processing JSNI comment blocks for compilation unit
✅ JSNIAdapter: Processed JSNI methods
🔄 JSNIAdapter: Found native method, letting transpiler handle conversion: initElement
JSNI DETECTED: initElement in class RichTextAreaImplMozilla
JSNI CONVERTED: initElement with JSNI body
🔄 JSNIAdapter: Found native method, letting transpiler handle conversion: setFirstFocusImpl
JSNI DETECTED: setFirstFocusImpl in class RichTextAreaImplMozilla
JSNI CONVERTED: setFirstFocusImpl with JSNI body
🔍 JSNIAdapter: Processing JSNI comment blocks for compilation unit
✅ JSNIAdapter: Processed JSNI methods
🔄 JSNIAdapter: Found native method, letting transpiler handle conversion: isFF2Mac
JSNI DETECTED: isFF2Mac in class PopupImplMozilla
JSNI CONVERTED: isFF2Mac with JSNI body
🔍 JSNIAdapter: Processing JSNI comment blocks for compilation unit
✅ JSNIAdapter: Processed JSNI methods
🔄 JSNIAdapter: Found native method, letting transpiler handle conversion: getContents
JSNI DETECTED: getContents in class FormPanelImpl
JSNI CONVERTED: getContents with JSNI body
🔄 JSNIAdapter: Found native method, letting transpiler handle conversion: getEncoding
JSNI DETECTED: getEncoding in class FormPanelImpl
JSNI CONVERTED: getEncoding with JSNI body
🔄 JSNIAdapter: Found native method, letting transpiler handle conversion: hookEvents
JSNI DETECTED: hookEvents in class FormPanelImpl
JSNI CONVERTED: hookEvents with JSNI body
🔄 JSNIAdapter: Found native method, letting transpiler handle conversion: reset
JSNI DETECTED: reset in class FormPanelImpl
JSNI CONVERTED: reset with JSNI body
🔄 JSNIAdapter: Found native method, letting transpiler handle conversion: setEncoding
JSNI DETECTED: setEncoding in class FormPanelImpl
JSNI CONVERTED: setEncoding with JSNI body
🔄 JSNIAdapter: Found native method, letting transpiler handle conversion: submit
JSNI DETECTED: submit in class FormPanelImpl
JSNI CONVERTED: submit with JSNI body
🔄 JSNIAdapter: Found native method, letting transpiler handle conversion: unhookEvents
JSNI DETECTED: unhookEvents in class FormPanelImpl
JSNI CONVERTED: unhookEvents with JSNI body
🔍 JSNIAdapter: Processing JSNI comment blocks for compilation unit
✅ JSNIAdapter: Processed JSNI methods
🔄 JSNIAdapter: Found native method, letting transpiler handle conversion: blur
JSNI DETECTED: blur in class FocusImplSafari
JSNI CONVERTED: blur with JSNI body
🔄 JSNIAdapter: Found native method, letting transpiler handle conversion: focus
JSNI DETECTED: focus in class FocusImplSafari
JSNI CONVERTED: focus with JSNI body
🔍 JSNIAdapter: Processing JSNI comment blocks for compilation unit
✅ JSNIAdapter: Processed JSNI methods
🔄 JSNIAdapter: Found native method, letting transpiler handle conversion: getInternetExplorerVersion
JSNI DETECTED: getInternetExplorerVersion in class HyperlinkImplIE
JSNI CONVERTED: getInternetExplorerVersion with JSNI body
🔍 JSNIAdapter: Processing JSNI comment blocks for compilation unit
✅ JSNIAdapter: Processed JSNI methods
🔄 JSNIAdapter: Found native method, letting transpiler handle conversion: setFocus
JSNI DETECTED: setFocus in class RichTextAreaImpl
JSNI CONVERTED: setFocus with JSNI body
🔍 JSNIAdapter: Processing JSNI comment blocks for compilation unit
✅ JSNIAdapter: Processed JSNI methods
🔄 JSNIAdapter: Found native method, letting transpiler handle conversion: getTextImpl
JSNI DETECTED: getTextImpl in class RichTextAreaImplSafari
JSNI CONVERTED: getTextImpl with JSNI body
🔄 JSNIAdapter: Found native method, letting transpiler handle conversion: hookEvents
JSNI DETECTED: hookEvents in class RichTextAreaImplSafari
JSNI CONVERTED: hookEvents with JSNI body
🔄 JSNIAdapter: Found native method, letting transpiler handle conversion: setTextImpl
JSNI DETECTED: setTextImpl in class RichTextAreaImplSafari
JSNI CONVERTED: setTextImpl with JSNI body
🔄 JSNIAdapter: Found native method, letting transpiler handle conversion: unhookEvents
JSNI DETECTED: unhookEvents in class RichTextAreaImplSafari
JSNI CONVERTED: unhookEvents with JSNI body
🔍 JSNIAdapter: Processing JSNI comment blocks for compilation unit
✅ JSNIAdapter: Processed JSNI methods
🔄 JSNIAdapter: Found native method, letting transpiler handle conversion: createElement
JSNI DETECTED: createElement in class RichTextAreaImplStandard
JSNI CONVERTED: createElement with JSNI body
🔄 JSNIAdapter: Found native method, letting transpiler handle conversion: initElement
JSNI DETECTED: initElement in class RichTextAreaImplStandard
JSNI CONVERTED: initElement with JSNI body
🔄 JSNIAdapter: Found native method, letting transpiler handle conversion: getHTMLImpl
JSNI DETECTED: getHTMLImpl in class RichTextAreaImplStandard
JSNI CONVERTED: getHTMLImpl with JSNI body
🔄 JSNIAdapter: Found native method, letting transpiler handle conversion: getTextImpl
JSNI DETECTED: getTextImpl in class RichTextAreaImplStandard
JSNI CONVERTED: getTextImpl with JSNI body
🔄 JSNIAdapter: Found native method, letting transpiler handle conversion: hookEvents
JSNI DETECTED: hookEvents in class RichTextAreaImplStandard
JSNI CONVERTED: hookEvents with JSNI body
🔄 JSNIAdapter: Found native method, letting transpiler handle conversion: isEnabledImpl
JSNI DETECTED: isEnabledImpl in class RichTextAreaImplStandard
JSNI CONVERTED: isEnabledImpl with JSNI body
🔄 JSNIAdapter: Found native method, letting transpiler handle conversion: setEnabledImpl
JSNI DETECTED: setEnabledImpl in class RichTextAreaImplStandard
JSNI CONVERTED: setEnabledImpl with JSNI body
🔄 JSNIAdapter: Found native method, letting transpiler handle conversion: setFocusImpl
JSNI DETECTED: setFocusImpl in class RichTextAreaImplStandard
JSNI CONVERTED: setFocusImpl with JSNI body
🔄 JSNIAdapter: Found native method, letting transpiler handle conversion: setHTMLImpl
JSNI DETECTED: setHTMLImpl in class RichTextAreaImplStandard
JSNI CONVERTED: setHTMLImpl with JSNI body
🔄 JSNIAdapter: Found native method, letting transpiler handle conversion: setTextImpl
JSNI DETECTED: setTextImpl in class RichTextAreaImplStandard
JSNI CONVERTED: setTextImpl with JSNI body
🔄 JSNIAdapter: Found native method, letting transpiler handle conversion: unhookEvents
JSNI DETECTED: unhookEvents in class RichTextAreaImplStandard
JSNI CONVERTED: unhookEvents with JSNI body
🔄 JSNIAdapter: Found native method, letting transpiler handle conversion: execCommandAssumingFocus
JSNI DETECTED: execCommandAssumingFocus in class RichTextAreaImplStandard
JSNI CONVERTED: execCommandAssumingFocus with JSNI body
🔄 JSNIAdapter: Found native method, letting transpiler handle conversion: queryCommandStateAssumingFocus
JSNI DETECTED: queryCommandStateAssumingFocus in class RichTextAreaImplStandard
JSNI CONVERTED: queryCommandStateAssumingFocus with JSNI body
🔄 JSNIAdapter: Found native method, letting transpiler handle conversion: queryCommandValueAssumingFocus
JSNI DETECTED: queryCommandValueAssumingFocus in class RichTextAreaImplStandard
JSNI CONVERTED: queryCommandValueAssumingFocus with JSNI body
🔍 JSNIAdapter: Processing JSNI comment blocks for compilation unit
✅ JSNIAdapter: Processed JSNI methods
🔄 JSNIAdapter: Found native method, letting transpiler handle conversion: setAccessKey
JSNI DETECTED: setAccessKey in class FocusImpl
JSNI CONVERTED: setAccessKey with JSNI body
🔍 JSNIAdapter: Processing JSNI comment blocks for compilation unit
✅ JSNIAdapter: Processed JSNI methods
🔄 JSNIAdapter: Found native method, letting transpiler handle conversion: onChrome
JSNI DETECTED: onChrome in class HyperlinkImplSafari
JSNI CONVERTED: onChrome with JSNI body
🔍 JSNIAdapter: Processing JSNI comment blocks for compilation unit
✅ JSNIAdapter: Processed JSNI methods
🔄 JSNIAdapter: Found native method, letting transpiler handle conversion: getCursorPos
JSNI DETECTED: getCursorPos in class TextBoxImpl
JSNI CONVERTED: getCursorPos with JSNI body
🔄 JSNIAdapter: Found native method, letting transpiler handle conversion: getSelectionLength
JSNI DETECTED: getSelectionLength in class TextBoxImpl
JSNI CONVERTED: getSelectionLength with JSNI body
🔄 JSNIAdapter: Found native method, letting transpiler handle conversion: setSelectionRange
JSNI DETECTED: setSelectionRange in class TextBoxImpl
JSNI CONVERTED: setSelectionRange with JSNI body
🔍 JSNIAdapter: Processing JSNI comment blocks for compilation unit
✅ JSNIAdapter: Processed JSNI methods
🔄 JSNIAdapter: Found native method, letting transpiler handle conversion: shouldTreeDelegateFocusToElement
JSNI DETECTED: shouldTreeDelegateFocusToElement in class Tree
JSNI CONVERTED: shouldTreeDelegateFocusToElement with JSNI body
🔍 JSNIAdapter: Processing JSNI comment blocks for compilation unit
✅ JSNIAdapter: Processed JSNI methods
🔄 JSNIAdapter: Found native method, letting transpiler handle conversion: initResizeEventListener
JSNI DETECTED: initResizeEventListener in class ImplTrident
JSNI CONVERTED: initResizeEventListener with JSNI body
🔄 JSNIAdapter: Found native method, letting transpiler handle conversion: setResizeEventListener
JSNI DETECTED: setResizeEventListener in class ImplTrident
JSNI CONVERTED: setResizeEventListener with JSNI body
🔍 JSNIAdapter: Processing JSNI comment blocks for compilation unit
✅ JSNIAdapter: Processed JSNI methods
🔄 JSNIAdapter: Found native method, letting transpiler handle conversion: build
🔄 JSNIAdapter: Found native method, letting transpiler handle conversion: build
JSNI DETECTED: build in class PotentialElement
JSNI CONVERTED: build with JSNI body
JSNI DETECTED: build in class PotentialElement
🔄 JSNIAdapter: Found native method, letting transpiler handle conversion: isPotential
JSNI DETECTED: isPotential in class PotentialElement
JSNI CONVERTED: isPotential with JSNI body
🔄 JSNIAdapter: Found native method, letting transpiler handle conversion: buildResolveCallback
JSNI DETECTED: buildResolveCallback in class PotentialElement
JSNI CONVERTED: buildResolveCallback with JSNI body
🔄 JSNIAdapter: Found native method, letting transpiler handle conversion: cannotResolveTwice
JSNI DETECTED: cannotResolveTwice in class PotentialElement
JSNI CONVERTED: cannotResolveTwice with JSNI body
🔄 JSNIAdapter: Found native method, letting transpiler handle conversion: declareShim
JSNI DETECTED: declareShim in class PotentialElement
JSNI CONVERTED: declareShim with JSNI body
🔄 JSNIAdapter: Found native method, letting transpiler handle conversion: setResolver
JSNI DETECTED: setResolver in class PotentialElement
JSNI CONVERTED: setResolver with JSNI body
🔄 JSNIAdapter: Found native method, letting transpiler handle conversion: mergeInto
JSNI DETECTED: mergeInto in class PotentialElement
JSNI CONVERTED: mergeInto with JSNI body
🔄 JSNIAdapter: Found native method, letting transpiler handle conversion: resolve
JSNI DETECTED: resolve in class PotentialElement
JSNI CONVERTED: resolve with JSNI body
🔍 JSNIAdapter: Processing JSNI comment blocks for compilation unit
✅ JSNIAdapter: Processed JSNI methods
🔄 JSNIAdapter: Found native method, letting transpiler handle conversion: ensureVisibleImpl
JSNI DETECTED: ensureVisibleImpl in class ScrollPanel
JSNI CONVERTED: ensureVisibleImpl with JSNI body
🔍 JSNIAdapter: Processing JSNI comment blocks for compilation unit
✅ JSNIAdapter: Processed JSNI methods
🔄 JSNIAdapter: Found native method, letting transpiler handle conversion: blur
JSNI DETECTED: blur in class PopupPanel
JSNI CONVERTED: blur with JSNI body
🔍 JSNIAdapter: Processing JSNI comment blocks for compilation unit
✅ JSNIAdapter: Processed JSNI methods
🔄 JSNIAdapter: Found native method, letting transpiler handle conversion: addRows
JSNI DETECTED: addRows in class Grid
JSNI CONVERTED: addRows with JSNI body
🔍 JSNIAdapter: Processing JSNI comment blocks for compilation unit
✅ JSNIAdapter: Processed JSNI methods
🔄 JSNIAdapter: Found native method, letting transpiler handle conversion: isVisible
JSNI DETECTED: isVisible in class UIObject
JSNI CONVERTED: isVisible with JSNI body
🔄 JSNIAdapter: Found native method, letting transpiler handle conversion: setVisible
JSNI DETECTED: setVisible in class UIObject
JSNI CONVERTED: setVisible with JSNI body
🔄 JSNIAdapter: Found native method, letting transpiler handle conversion: updatePrimaryAndDependentStyleNames
[ERROR] method 'updatePrimaryAndDependentStyleNames' cannot be native
  at /Users/ed.eustace/dev/github.com/ed-eustace/jsweet/gwt-to-ts-test/gwt-2.11.0/user/src/com/google/gwt/user/client/ui/UIObject.java(368,3)
🔄 JSNIAdapter: Found native method, letting transpiler handle conversion: extractLengthValue
JSNI DETECTED: extractLengthValue in class UIObject
JSNI CONVERTED: extractLengthValue with JSNI body
🔄 JSNIAdapter: Found native method, letting transpiler handle conversion: replaceNode
JSNI DETECTED: replaceNode in class UIObject
JSNI CONVERTED: replaceNode with JSNI body
🔍 JSNIAdapter: Processing JSNI comment blocks for compilation unit
✅ JSNIAdapter: Processed JSNI methods
🔄 JSNIAdapter: Found native method, letting transpiler handle conversion: addTree
JSNI DETECTED: addTree in class PrefixTreeIterator
JSNI CONVERTED: addTree with JSNI body
🔄 JSNIAdapter: Found native method, letting transpiler handle conversion: init
JSNI DETECTED: init in class PrefixTreeIterator
JSNI CONVERTED: init with JSNI body
🔄 JSNIAdapter: Found native method, letting transpiler handle conversion: nextImpl
JSNI DETECTED: nextImpl in class PrefixTreeIterator
JSNI CONVERTED: nextImpl with JSNI body
🔄 JSNIAdapter: Found native method, letting transpiler handle conversion: add
JSNI DETECTED: add in class PrefixTree
JSNI CONVERTED: add with JSNI body
🔄 JSNIAdapter: Found native method, letting transpiler handle conversion: clear
JSNI DETECTED: clear in class PrefixTree
JSNI CONVERTED: clear with JSNI body
🔄 JSNIAdapter: Found native method, letting transpiler handle conversion: suggestImpl
[ERROR] method 'suggestImpl' cannot be native
  at /Users/ed.eustace/dev/github.com/ed-eustace/jsweet/gwt-to-ts-test/gwt-2.11.0/user/src/com/google/gwt/user/client/ui/PrefixTree.java(401,3)
🔍 JSNIAdapter: Processing JSNI comment blocks for compilation unit
✅ JSNIAdapter: Processed JSNI methods
🔄 JSNIAdapter: Found native method, letting transpiler handle conversion: initStatics
JSNI DETECTED: initStatics in class NamedFrame
JSNI CONVERTED: initStatics with JSNI body
🔄 JSNIAdapter: Found native method, letting transpiler handle conversion: isValidName
JSNI DETECTED: isValidName in class NamedFrame
JSNI CONVERTED: isValidName with JSNI body
🔍 JSNIAdapter: Processing JSNI comment blocks for compilation unit
✅ JSNIAdapter: Processed JSNI methods
🔄 JSNIAdapter: Found native method, letting transpiler handle conversion: getBodyElement
JSNI DETECTED: getBodyElement in class RootPanel
JSNI CONVERTED: getBodyElement with JSNI body
🔄 JSNIAdapter: Found native method, letting transpiler handle conversion: getRootElement
JSNI DETECTED: getRootElement in class RootPanel
JSNI CONVERTED: getRootElement with JSNI body
🔍 JSNIAdapter: Processing JSNI comment blocks for compilation unit
✅ JSNIAdapter: Processed JSNI methods
🔄 JSNIAdapter: Found native method, letting transpiler handle conversion: assign
JSNI DETECTED: assign in class Location
JSNI CONVERTED: assign with JSNI body
🔄 JSNIAdapter: Found native method, letting transpiler handle conversion: getHost
JSNI DETECTED: getHost in class Location
JSNI CONVERTED: getHost with JSNI body
🔄 JSNIAdapter: Found native method, letting transpiler handle conversion: getHostName
JSNI DETECTED: getHostName in class Location
JSNI CONVERTED: getHostName with JSNI body
🔄 JSNIAdapter: Found native method, letting transpiler handle conversion: getHref
JSNI DETECTED: getHref in class Location
JSNI CONVERTED: getHref with JSNI body
🔄 JSNIAdapter: Found native method, letting transpiler handle conversion: getPath
JSNI DETECTED: getPath in class Location
JSNI CONVERTED: getPath with JSNI body
🔄 JSNIAdapter: Found native method, letting transpiler handle conversion: getPort
JSNI DETECTED: getPort in class Location
JSNI CONVERTED: getPort with JSNI body
🔄 JSNIAdapter: Found native method, letting transpiler handle conversion: getProtocol
JSNI DETECTED: getProtocol in class Location
JSNI CONVERTED: getProtocol with JSNI body
🔄 JSNIAdapter: Found native method, letting transpiler handle conversion: reload
JSNI DETECTED: reload in class Location
JSNI CONVERTED: reload with JSNI body
🔄 JSNIAdapter: Found native method, letting transpiler handle conversion: replace
JSNI DETECTED: replace in class Location
JSNI CONVERTED: replace with JSNI body
🔄 JSNIAdapter: Found native method, letting transpiler handle conversion: getAppCodeName
JSNI DETECTED: getAppCodeName in class Navigator
JSNI CONVERTED: getAppCodeName with JSNI body
🔄 JSNIAdapter: Found native method, letting transpiler handle conversion: getAppName
JSNI DETECTED: getAppName in class Navigator
JSNI CONVERTED: getAppName with JSNI body
🔄 JSNIAdapter: Found native method, letting transpiler handle conversion: getAppVersion
JSNI DETECTED: getAppVersion in class Navigator
JSNI CONVERTED: getAppVersion with JSNI body
🔄 JSNIAdapter: Found native method, letting transpiler handle conversion: getPlatform
JSNI DETECTED: getPlatform in class Navigator
JSNI CONVERTED: getPlatform with JSNI body
🔄 JSNIAdapter: Found native method, letting transpiler handle conversion: getUserAgent
JSNI DETECTED: getUserAgent in class Navigator
JSNI CONVERTED: getUserAgent with JSNI body
🔄 JSNIAdapter: Found native method, letting transpiler handle conversion: isJavaEnabled
JSNI DETECTED: isJavaEnabled in class Navigator
JSNI CONVERTED: isJavaEnabled with JSNI body
🔄 JSNIAdapter: Found native method, letting transpiler handle conversion: alert
JSNI DETECTED: alert in class Window
JSNI CONVERTED: alert with JSNI body
🔄 JSNIAdapter: Found native method, letting transpiler handle conversion: confirm
JSNI DETECTED: confirm in class Window
JSNI CONVERTED: confirm with JSNI body
🔄 JSNIAdapter: Found native method, letting transpiler handle conversion: getTitle
JSNI DETECTED: getTitle in class Window
JSNI CONVERTED: getTitle with JSNI body
🔄 JSNIAdapter: Found native method, letting transpiler handle conversion: moveBy
JSNI DETECTED: moveBy in class Window
JSNI CONVERTED: moveBy with JSNI body
🔄 JSNIAdapter: Found native method, letting transpiler handle conversion: moveTo
JSNI DETECTED: moveTo in class Window
JSNI CONVERTED: moveTo with JSNI body
🔄 JSNIAdapter: Found native method, letting transpiler handle conversion: open
JSNI DETECTED: open in class Window
JSNI CONVERTED: open with JSNI body
🔄 JSNIAdapter: Found native method, letting transpiler handle conversion: print
JSNI DETECTED: print in class Window
JSNI CONVERTED: print with JSNI body
🔄 JSNIAdapter: Found native method, letting transpiler handle conversion: prompt
JSNI DETECTED: prompt in class Window
JSNI CONVERTED: prompt with JSNI body
🔄 JSNIAdapter: Found native method, letting transpiler handle conversion: resizeBy
JSNI DETECTED: resizeBy in class Window
JSNI CONVERTED: resizeBy with JSNI body
🔄 JSNIAdapter: Found native method, letting transpiler handle conversion: resizeTo
JSNI DETECTED: resizeTo in class Window
JSNI CONVERTED: resizeTo with JSNI body
🔄 JSNIAdapter: Found native method, letting transpiler handle conversion: scrollTo
JSNI DETECTED: scrollTo in class Window
JSNI CONVERTED: scrollTo with JSNI body
🔄 JSNIAdapter: Found native method, letting transpiler handle conversion: setMargin
JSNI DETECTED: setMargin in class Window
JSNI CONVERTED: setMargin with JSNI body
🔄 JSNIAdapter: Found native method, letting transpiler handle conversion: setStatus
JSNI DETECTED: setStatus in class Window
JSNI CONVERTED: setStatus with JSNI body
🔄 JSNIAdapter: Found native method, letting transpiler handle conversion: setTitle
JSNI DETECTED: setTitle in class Window
JSNI CONVERTED: setTitle with JSNI body
🔍 JSNIAdapter: Processing JSNI comment blocks for compilation unit
✅ JSNIAdapter: Processed JSNI methods
🔄 JSNIAdapter: Found native method, letting transpiler handle conversion: removeCookieNative
🔄 JSNIAdapter: Found native method, letting transpiler handle conversion: removeCookieNative
JSNI DETECTED: removeCookieNative in class Cookies
JSNI CONVERTED: removeCookieNative with JSNI body
JSNI DETECTED: removeCookieNative in class Cookies
🔄 JSNIAdapter: Found native method, letting transpiler handle conversion: loadCookies
JSNI DETECTED: loadCookies in class Cookies
JSNI CONVERTED: loadCookies with JSNI body
🔄 JSNIAdapter: Found native method, letting transpiler handle conversion: needsRefresh
JSNI DETECTED: needsRefresh in class Cookies
JSNI CONVERTED: needsRefresh with JSNI body
🔄 JSNIAdapter: Found native method, letting transpiler handle conversion: removeCookieNative
JSNI DETECTED: removeCookieNative in class Cookies
JSNI CONVERTED: removeCookieNative with JSNI body
🔄 JSNIAdapter: Found native method, letting transpiler handle conversion: setCookieImpl
[ERROR] method 'setCookieImpl' cannot be native
  at /Users/ed.eustace/dev/github.com/ed-eustace/jsweet/gwt-to-ts-test/gwt-2.11.0/user/src/com/google/gwt/user/client/Cookies.java(292,3)
🔄 JSNIAdapter: Found native method, letting transpiler handle conversion: uriEncode
JSNI DETECTED: uriEncode in class Cookies
JSNI CONVERTED: uriEncode with JSNI body
🔍 JSNIAdapter: Processing JSNI comment blocks for compilation unit
✅ JSNIAdapter: Processed JSNI methods
🔄 JSNIAdapter: Found native method, letting transpiler handle conversion: getIntStyleAttribute
JSNI DETECTED: getIntStyleAttribute in class DOM
JSNI CONVERTED: getIntStyleAttribute with JSNI body
🔄 JSNIAdapter: Found native method, letting transpiler handle conversion: isPotential
JSNI DETECTED: isPotential in class DOM
JSNI CONVERTED: isPotential with JSNI body
🔄 JSNIAdapter: Found native method, letting transpiler handle conversion: resolve
JSNI DETECTED: resolve in class DOM
JSNI CONVERTED: resolve with JSNI body
🔍 JSNIAdapter: Processing JSNI comment blocks for compilation unit
✅ JSNIAdapter: Processed JSNI methods
🔄 JSNIAdapter: Found native method, letting transpiler handle conversion: createCallback
JSNI DETECTED: createCallback in class Timer
JSNI CONVERTED: createCallback with JSNI body
🔄 JSNIAdapter: Found native method, letting transpiler handle conversion: setInterval
JSNI DETECTED: setInterval in class Timer
JSNI CONVERTED: setInterval with JSNI body
🔄 JSNIAdapter: Found native method, letting transpiler handle conversion: setTimeout
JSNI DETECTED: setTimeout in class Timer
JSNI CONVERTED: setTimeout with JSNI body
🔄 JSNIAdapter: Found native method, letting transpiler handle conversion: clearInterval
JSNI DETECTED: clearInterval in class Timer
JSNI CONVERTED: clearInterval with JSNI body
🔄 JSNIAdapter: Found native method, letting transpiler handle conversion: clearTimeout
JSNI DETECTED: clearTimeout in class Timer
JSNI CONVERTED: clearTimeout with JSNI body
🔍 JSNIAdapter: Processing JSNI comment blocks for compilation unit
✅ JSNIAdapter: Processed JSNI methods
🔄 JSNIAdapter: Found native method, letting transpiler handle conversion: nextBoolean
JSNI DETECTED: nextBoolean in class Random
JSNI CONVERTED: nextBoolean with JSNI body
🔄 JSNIAdapter: Found native method, letting transpiler handle conversion: nextDouble
JSNI DETECTED: nextDouble in class Random
JSNI CONVERTED: nextDouble with JSNI body
🔄 JSNIAdapter: Found native method, letting transpiler handle conversion: nextInt
JSNI DETECTED: nextInt in class Random
JSNI CONVERTED: nextInt with JSNI body
🔄 JSNIAdapter: Found native method, letting transpiler handle conversion: nextInt
🔄 JSNIAdapter: Found native method, letting transpiler handle conversion: nextInt
JSNI DETECTED: nextInt in class Random
JSNI CONVERTED: nextInt with JSNI body
JSNI DETECTED: nextInt in class Random
🔍 JSNIAdapter: Processing JSNI comment blocks for compilation unit
✅ JSNIAdapter: Processed JSNI methods
🔄 JSNIAdapter: Found native method, letting transpiler handle conversion: encode
JSNI DETECTED: encode in class HistoryTokenEncoder
JSNI CONVERTED: encode with JSNI body
🔄 JSNIAdapter: Found native method, letting transpiler handle conversion: decode
JSNI DETECTED: decode in class HistoryTokenEncoder
JSNI CONVERTED: decode with JSNI body
🔄 JSNIAdapter: Found native method, letting transpiler handle conversion: attachListener
JSNI DETECTED: attachListener in class HistoryImpl
JSNI CONVERTED: attachListener with JSNI body
🔄 JSNIAdapter: Found native method, letting transpiler handle conversion: newToken
JSNI DETECTED: newToken in class HistoryImpl
JSNI CONVERTED: newToken with JSNI body
🔄 JSNIAdapter: Found native method, letting transpiler handle conversion: back
JSNI DETECTED: back in class History
JSNI CONVERTED: back with JSNI body
🔄 JSNIAdapter: Found native method, letting transpiler handle conversion: forward
JSNI DETECTED: forward in class History
JSNI CONVERTED: forward with JSNI body
🔍 JSNIAdapter: Processing JSNI comment blocks for compilation unit
✅ JSNIAdapter: Processed JSNI methods
🔄 JSNIAdapter: Found native method, letting transpiler handle conversion: create
JSNI DETECTED: create in class XMLHttpRequest
JSNI CONVERTED: create with JSNI body
🔄 JSNIAdapter: Found native method, letting transpiler handle conversion: abort
JSNI DETECTED: abort in class XMLHttpRequest
JSNI CONVERTED: abort with JSNI body
🔄 JSNIAdapter: Found native method, letting transpiler handle conversion: clearOnReadyStateChange
JSNI DETECTED: clearOnReadyStateChange in class XMLHttpRequest
JSNI CONVERTED: clearOnReadyStateChange with JSNI body
🔄 JSNIAdapter: Found native method, letting transpiler handle conversion: getAllResponseHeaders
JSNI DETECTED: getAllResponseHeaders in class XMLHttpRequest
JSNI CONVERTED: getAllResponseHeaders with JSNI body
🔄 JSNIAdapter: Found native method, letting transpiler handle conversion: getReadyState
JSNI DETECTED: getReadyState in class XMLHttpRequest
JSNI CONVERTED: getReadyState with JSNI body
🔄 JSNIAdapter: Found native method, letting transpiler handle conversion: getResponseArrayBuffer
JSNI DETECTED: getResponseArrayBuffer in class XMLHttpRequest
JSNI CONVERTED: getResponseArrayBuffer with JSNI body
🔄 JSNIAdapter: Found native method, letting transpiler handle conversion: getResponseHeader
JSNI DETECTED: getResponseHeader in class XMLHttpRequest
JSNI CONVERTED: getResponseHeader with JSNI body
🔄 JSNIAdapter: Found native method, letting transpiler handle conversion: getResponseText
JSNI DETECTED: getResponseText in class XMLHttpRequest
JSNI CONVERTED: getResponseText with JSNI body
🔄 JSNIAdapter: Found native method, letting transpiler handle conversion: getResponseType
JSNI DETECTED: getResponseType in class XMLHttpRequest
JSNI CONVERTED: getResponseType with JSNI body
🔄 JSNIAdapter: Found native method, letting transpiler handle conversion: getStatus
JSNI DETECTED: getStatus in class XMLHttpRequest
JSNI CONVERTED: getStatus with JSNI body
🔄 JSNIAdapter: Found native method, letting transpiler handle conversion: getStatusText
JSNI DETECTED: getStatusText in class XMLHttpRequest
JSNI CONVERTED: getStatusText with JSNI body
🔄 JSNIAdapter: Found native method, letting transpiler handle conversion: open
JSNI DETECTED: open in class XMLHttpRequest
JSNI CONVERTED: open with JSNI body
🔄 JSNIAdapter: Found native method, letting transpiler handle conversion: open
JSNI DETECTED: open in class XMLHttpRequest
JSNI CONVERTED: open with JSNI body
🔄 JSNIAdapter: Found native method, letting transpiler handle conversion: open
🔄 JSNIAdapter: Found native method, letting transpiler handle conversion: open
JSNI DETECTED: open in class XMLHttpRequest
JSNI CONVERTED: open with JSNI body
JSNI DETECTED: open in class XMLHttpRequest
🔄 JSNIAdapter: Found native method, letting transpiler handle conversion: send
🔄 JSNIAdapter: Found native method, letting transpiler handle conversion: send
JSNI DETECTED: send in class XMLHttpRequest
JSNI CONVERTED: send with JSNI body
JSNI DETECTED: send in class XMLHttpRequest
🔄 JSNIAdapter: Found native method, letting transpiler handle conversion: setOnReadyStateChange
JSNI DETECTED: setOnReadyStateChange in class XMLHttpRequest
JSNI CONVERTED: setOnReadyStateChange with JSNI body
🔄 JSNIAdapter: Found native method, letting transpiler handle conversion: setRequestHeader
JSNI DETECTED: setRequestHeader in class XMLHttpRequest
JSNI CONVERTED: setRequestHeader with JSNI body
🔄 JSNIAdapter: Found native method, letting transpiler handle conversion: setWithCredentials
JSNI DETECTED: setWithCredentials in class XMLHttpRequest
JSNI CONVERTED: setWithCredentials with JSNI body
🔄 JSNIAdapter: Found native method, letting transpiler handle conversion: setResponseType
JSNI DETECTED: setResponseType in class XMLHttpRequest
JSNI CONVERTED: setResponseType with JSNI body
🔍 JSNIAdapter: Processing JSNI comment blocks for compilation unit
✅ JSNIAdapter: Processed JSNI methods
🔄 JSNIAdapter: Found native method, letting transpiler handle conversion: createDOMParser
JSNI DETECTED: createDOMParser in class XMLParserImplStandard
JSNI CONVERTED: createDOMParser with JSNI body
🔄 JSNIAdapter: Found native method, letting transpiler handle conversion: createDocumentImpl
JSNI DETECTED: createDocumentImpl in class XMLParserImplStandard
JSNI CONVERTED: createDocumentImpl with JSNI body
🔄 JSNIAdapter: Found native method, letting transpiler handle conversion: getElementByIdImpl
[ERROR] method 'getElementByIdImpl' cannot be native
  at /Users/ed.eustace/dev/github.com/ed-eustace/jsweet/gwt-to-ts-test/gwt-2.11.0/user/src/com/google/gwt/xml/client/impl/XMLParserImplStandard.java(41,3)
🔄 JSNIAdapter: Found native method, letting transpiler handle conversion: getElementsByTagNameImpl
[ERROR] method 'getElementsByTagNameImpl' cannot be native
  at /Users/ed.eustace/dev/github.com/ed-eustace/jsweet/gwt-to-ts-test/gwt-2.11.0/user/src/com/google/gwt/xml/client/impl/XMLParserImplStandard.java(47,3)
🔄 JSNIAdapter: Found native method, letting transpiler handle conversion: importNodeImpl
[ERROR] method 'importNodeImpl' cannot be native
  at /Users/ed.eustace/dev/github.com/ed-eustace/jsweet/gwt-to-ts-test/gwt-2.11.0/user/src/com/google/gwt/xml/client/impl/XMLParserImplStandard.java(62,3)
🔄 JSNIAdapter: Found native method, letting transpiler handle conversion: parseImpl
JSNI DETECTED: parseImpl in class XMLParserImplStandard
JSNI CONVERTED: parseImpl with JSNI body
🔄 JSNIAdapter: Found native method, letting transpiler handle conversion: toStringImpl
JSNI DETECTED: toStringImpl in class XMLParserImplStandard
JSNI CONVERTED: toStringImpl with JSNI body
🔍 JSNIAdapter: Processing JSNI comment blocks for compilation unit
✅ JSNIAdapter: Processed JSNI methods
🔄 JSNIAdapter: Found native method, letting transpiler handle conversion: appendChild
[ERROR] method 'appendChild' cannot be native
  at /Users/ed.eustace/dev/github.com/ed-eustace/jsweet/gwt-to-ts-test/gwt-2.11.0/user/src/com/google/gwt/xml/client/impl/XMLParserImpl.java(35,3)
🔄 JSNIAdapter: Found native method, letting transpiler handle conversion: appendData
JSNI DETECTED: appendData in class XMLParserImpl
JSNI CONVERTED: appendData with JSNI body
🔄 JSNIAdapter: Found native method, letting transpiler handle conversion: cloneNode
[ERROR] method 'cloneNode' cannot be native
  at /Users/ed.eustace/dev/github.com/ed-eustace/jsweet/gwt-to-ts-test/gwt-2.11.0/user/src/com/google/gwt/xml/client/impl/XMLParserImpl.java(44,3)
🔄 JSNIAdapter: Found native method, letting transpiler handle conversion: createCDATASection
[ERROR] method 'createCDATASection' cannot be native
  at /Users/ed.eustace/dev/github.com/ed-eustace/jsweet/gwt-to-ts-test/gwt-2.11.0/user/src/com/google/gwt/xml/client/impl/XMLParserImpl.java(49,3)
🔄 JSNIAdapter: Found native method, letting transpiler handle conversion: createComment
[ERROR] method 'createComment' cannot be native
  at /Users/ed.eustace/dev/github.com/ed-eustace/jsweet/gwt-to-ts-test/gwt-2.11.0/user/src/com/google/gwt/xml/client/impl/XMLParserImpl.java(54,3)
🔄 JSNIAdapter: Found native method, letting transpiler handle conversion: createDocumentFragment
[ERROR] method 'createDocumentFragment' cannot be native
  at /Users/ed.eustace/dev/github.com/ed-eustace/jsweet/gwt-to-ts-test/gwt-2.11.0/user/src/com/google/gwt/xml/client/impl/XMLParserImpl.java(59,3)
🔄 JSNIAdapter: Found native method, letting transpiler handle conversion: createElement
[ERROR] method 'createElement' cannot be native
  at /Users/ed.eustace/dev/github.com/ed-eustace/jsweet/gwt-to-ts-test/gwt-2.11.0/user/src/com/google/gwt/xml/client/impl/XMLParserImpl.java(64,3)
🔄 JSNIAdapter: Found native method, letting transpiler handle conversion: createProcessingInstruction
[ERROR] method 'createProcessingInstruction' cannot be native
  at /Users/ed.eustace/dev/github.com/ed-eustace/jsweet/gwt-to-ts-test/gwt-2.11.0/user/src/com/google/gwt/xml/client/impl/XMLParserImpl.java(69,3)
🔄 JSNIAdapter: Found native method, letting transpiler handle conversion: createTextNode
[ERROR] method 'createTextNode' cannot be native
  at /Users/ed.eustace/dev/github.com/ed-eustace/jsweet/gwt-to-ts-test/gwt-2.11.0/user/src/com/google/gwt/xml/client/impl/XMLParserImpl.java(74,3)
🔄 JSNIAdapter: Found native method, letting transpiler handle conversion: deleteData
JSNI DETECTED: deleteData in class XMLParserImpl
JSNI CONVERTED: deleteData with JSNI body
🔄 JSNIAdapter: Found native method, letting transpiler handle conversion: getAttribute
JSNI DETECTED: getAttribute in class XMLParserImpl
JSNI CONVERTED: getAttribute with JSNI body
🔄 JSNIAdapter: Found native method, letting transpiler handle conversion: getAttributeNode
[ERROR] method 'getAttributeNode' cannot be native
  at /Users/ed.eustace/dev/github.com/ed-eustace/jsweet/gwt-to-ts-test/gwt-2.11.0/user/src/com/google/gwt/xml/client/impl/XMLParserImpl.java(87,3)
🔄 JSNIAdapter: Found native method, letting transpiler handle conversion: getAttributes
JSNI DETECTED: getAttributes in class XMLParserImpl
JSNI CONVERTED: getAttributes with JSNI body
🔄 JSNIAdapter: Found native method, letting transpiler handle conversion: getChildNodes
JSNI DETECTED: getChildNodes in class XMLParserImpl
JSNI CONVERTED: getChildNodes with JSNI body
🔄 JSNIAdapter: Found native method, letting transpiler handle conversion: getData
JSNI DETECTED: getData in class XMLParserImpl
JSNI CONVERTED: getData with JSNI body
🔄 JSNIAdapter: Found native method, letting transpiler handle conversion: getDocumentElement
JSNI DETECTED: getDocumentElement in class XMLParserImpl
JSNI CONVERTED: getDocumentElement with JSNI body
🔄 JSNIAdapter: Found native method, letting transpiler handle conversion: getLength
JSNI DETECTED: getLength in class XMLParserImpl
JSNI CONVERTED: getLength with JSNI body
🔄 JSNIAdapter: Found native method, letting transpiler handle conversion: getName
JSNI DETECTED: getName in class XMLParserImpl
JSNI CONVERTED: getName with JSNI body
🔄 JSNIAdapter: Found native method, letting transpiler handle conversion: getNamedItem
JSNI DETECTED: getNamedItem in class XMLParserImpl
JSNI CONVERTED: getNamedItem with JSNI body
🔄 JSNIAdapter: Found native method, letting transpiler handle conversion: getNamespaceURI
JSNI DETECTED: getNamespaceURI in class XMLParserImpl
JSNI CONVERTED: getNamespaceURI with JSNI body
🔄 JSNIAdapter: Found native method, letting transpiler handle conversion: getNextSibling
JSNI DETECTED: getNextSibling in class XMLParserImpl
JSNI CONVERTED: getNextSibling with JSNI body
🔄 JSNIAdapter: Found native method, letting transpiler handle conversion: getNodeName
JSNI DETECTED: getNodeName in class XMLParserImpl
JSNI CONVERTED: getNodeName with JSNI body
🔄 JSNIAdapter: Found native method, letting transpiler handle conversion: getNodeType
JSNI DETECTED: getNodeType in class XMLParserImpl
JSNI CONVERTED: getNodeType with JSNI body
🔄 JSNIAdapter: Found native method, letting transpiler handle conversion: getNodeValue
JSNI DETECTED: getNodeValue in class XMLParserImpl
JSNI CONVERTED: getNodeValue with JSNI body
🔄 JSNIAdapter: Found native method, letting transpiler handle conversion: getOwnerDocument
JSNI DETECTED: getOwnerDocument in class XMLParserImpl
JSNI CONVERTED: getOwnerDocument with JSNI body
🔄 JSNIAdapter: Found native method, letting transpiler handle conversion: getParentNode
JSNI DETECTED: getParentNode in class XMLParserImpl
JSNI CONVERTED: getParentNode with JSNI body
🔄 JSNIAdapter: Found native method, letting transpiler handle conversion: getPreviousSibling
JSNI DETECTED: getPreviousSibling in class XMLParserImpl
JSNI CONVERTED: getPreviousSibling with JSNI body
🔄 JSNIAdapter: Found native method, letting transpiler handle conversion: getSpecified
JSNI DETECTED: getSpecified in class XMLParserImpl
JSNI CONVERTED: getSpecified with JSNI body
🔄 JSNIAdapter: Found native method, letting transpiler handle conversion: getTagName
JSNI DETECTED: getTagName in class XMLParserImpl
JSNI CONVERTED: getTagName with JSNI body
🔄 JSNIAdapter: Found native method, letting transpiler handle conversion: getTarget
JSNI DETECTED: getTarget in class XMLParserImpl
JSNI CONVERTED: getTarget with JSNI body
🔄 JSNIAdapter: Found native method, letting transpiler handle conversion: getValue
JSNI DETECTED: getValue in class XMLParserImpl
JSNI CONVERTED: getValue with JSNI body
🔄 JSNIAdapter: Found native method, letting transpiler handle conversion: hasAttributes
JSNI DETECTED: hasAttributes in class XMLParserImpl
JSNI CONVERTED: hasAttributes with JSNI body
🔄 JSNIAdapter: Found native method, letting transpiler handle conversion: hasChildNodes
JSNI DETECTED: hasChildNodes in class XMLParserImpl
JSNI CONVERTED: hasChildNodes with JSNI body
🔄 JSNIAdapter: Found native method, letting transpiler handle conversion: insertBefore
[ERROR] method 'insertBefore' cannot be native
  at /Users/ed.eustace/dev/github.com/ed-eustace/jsweet/gwt-to-ts-test/gwt-2.11.0/user/src/com/google/gwt/xml/client/impl/XMLParserImpl.java(195,3)
🔄 JSNIAdapter: Found native method, letting transpiler handle conversion: insertData
[ERROR] method 'insertData' cannot be native
  at /Users/ed.eustace/dev/github.com/ed-eustace/jsweet/gwt-to-ts-test/gwt-2.11.0/user/src/com/google/gwt/xml/client/impl/XMLParserImpl.java(200,3)
🔄 JSNIAdapter: Found native method, letting transpiler handle conversion: item
JSNI DETECTED: item in class XMLParserImpl
JSNI CONVERTED: item with JSNI body
🔄 JSNIAdapter: Found native method, letting transpiler handle conversion: normalize
JSNI DETECTED: normalize in class XMLParserImpl
JSNI CONVERTED: normalize with JSNI body
🔄 JSNIAdapter: Found native method, letting transpiler handle conversion: removeAttribute
JSNI DETECTED: removeAttribute in class XMLParserImpl
JSNI CONVERTED: removeAttribute with JSNI body
🔄 JSNIAdapter: Found native method, letting transpiler handle conversion: removeChild
[ERROR] method 'removeChild' cannot be native
  at /Users/ed.eustace/dev/github.com/ed-eustace/jsweet/gwt-to-ts-test/gwt-2.11.0/user/src/com/google/gwt/xml/client/impl/XMLParserImpl.java(220,3)
🔄 JSNIAdapter: Found native method, letting transpiler handle conversion: removeNamedItem
[ERROR] method 'removeNamedItem' cannot be native
  at /Users/ed.eustace/dev/github.com/ed-eustace/jsweet/gwt-to-ts-test/gwt-2.11.0/user/src/com/google/gwt/xml/client/impl/XMLParserImpl.java(225,3)
🔄 JSNIAdapter: Found native method, letting transpiler handle conversion: replaceChild
[ERROR] method 'replaceChild' cannot be native
  at /Users/ed.eustace/dev/github.com/ed-eustace/jsweet/gwt-to-ts-test/gwt-2.11.0/user/src/com/google/gwt/xml/client/impl/XMLParserImpl.java(230,3)
🔄 JSNIAdapter: Found native method, letting transpiler handle conversion: replaceData
[ERROR] method 'replaceData' cannot be native
  at /Users/ed.eustace/dev/github.com/ed-eustace/jsweet/gwt-to-ts-test/gwt-2.11.0/user/src/com/google/gwt/xml/client/impl/XMLParserImpl.java(235,3)
🔄 JSNIAdapter: Found native method, letting transpiler handle conversion: setAttribute
[ERROR] method 'setAttribute' cannot be native
  at /Users/ed.eustace/dev/github.com/ed-eustace/jsweet/gwt-to-ts-test/gwt-2.11.0/user/src/com/google/gwt/xml/client/impl/XMLParserImpl.java(240,3)
🔄 JSNIAdapter: Found native method, letting transpiler handle conversion: setData
JSNI DETECTED: setData in class XMLParserImpl
JSNI CONVERTED: setData with JSNI body
🔄 JSNIAdapter: Found native method, letting transpiler handle conversion: setNamedItem
[ERROR] method 'setNamedItem' cannot be native
  at /Users/ed.eustace/dev/github.com/ed-eustace/jsweet/gwt-to-ts-test/gwt-2.11.0/user/src/com/google/gwt/xml/client/impl/XMLParserImpl.java(249,3)
🔄 JSNIAdapter: Found native method, letting transpiler handle conversion: setNodeValue
JSNI DETECTED: setNodeValue in class XMLParserImpl
JSNI CONVERTED: setNodeValue with JSNI body
🔄 JSNIAdapter: Found native method, letting transpiler handle conversion: splitText
JSNI DETECTED: splitText in class XMLParserImpl
JSNI CONVERTED: splitText with JSNI body
🔄 JSNIAdapter: Found native method, letting transpiler handle conversion: substringData
JSNI DETECTED: substringData in class XMLParserImpl
JSNI CONVERTED: substringData with JSNI body
🔍 JSNIAdapter: Processing JSNI comment blocks for compilation unit
✅ JSNIAdapter: Processed JSNI methods
🔄 JSNIAdapter: Found native method, letting transpiler handle conversion: getWebKitVersion
JSNI DETECTED: getWebKitVersion in class XMLParserImplSafari
JSNI CONVERTED: getWebKitVersion with JSNI body
🔄 JSNIAdapter: Found native method, letting transpiler handle conversion: getElementsByTagNameImpl
[ERROR] method 'getElementsByTagNameImpl' cannot be native
  at /Users/ed.eustace/dev/github.com/ed-eustace/jsweet/gwt-to-ts-test/gwt-2.11.0/user/src/com/google/gwt/xml/client/impl/XMLParserImplSafari.java(40,3)
🔄 JSNIAdapter: Found native method, letting transpiler handle conversion: importNodeImpl
[ERROR] method 'importNodeImpl' cannot be native
  at /Users/ed.eustace/dev/github.com/ed-eustace/jsweet/gwt-to-ts-test/gwt-2.11.0/user/src/com/google/gwt/xml/client/impl/XMLParserImplSafari.java(46,3)
🔄 JSNIAdapter: Found native method, letting transpiler handle conversion: parseImpl
JSNI DETECTED: parseImpl in class XMLParserImplSafari
JSNI CONVERTED: parseImpl with JSNI body
🔍 JSNIAdapter: Processing JSNI comment blocks for compilation unit
✅ JSNIAdapter: Processed JSNI methods
🔄 JSNIAdapter: Found native method, letting transpiler handle conversion: createStorageEvent
[ERROR] method 'createStorageEvent' cannot be native
  at /Users/ed.eustace/dev/github.com/ed-eustace/jsweet/gwt-to-ts-test/gwt-2.11.0/user/src/com/google/gwt/storage/client/StorageImplNonNativeEvents.java(28,3)
🔄 JSNIAdapter: Found native method, letting transpiler handle conversion: getKey
JSNI DETECTED: getKey in class StorageEvent
JSNI CONVERTED: getKey with JSNI body
🔄 JSNIAdapter: Found native method, letting transpiler handle conversion: getNewValue
JSNI DETECTED: getNewValue in class StorageEvent
JSNI CONVERTED: getNewValue with JSNI body
🔄 JSNIAdapter: Found native method, letting transpiler handle conversion: getOldValue
JSNI DETECTED: getOldValue in class StorageEvent
JSNI CONVERTED: getOldValue with JSNI body
🔄 JSNIAdapter: Found native method, letting transpiler handle conversion: getUrl
JSNI DETECTED: getUrl in class StorageEvent
JSNI CONVERTED: getUrl with JSNI body
🔍 JSNIAdapter: Processing JSNI comment blocks for compilation unit
✅ JSNIAdapter: Processed JSNI methods
🔄 JSNIAdapter: Found native method, letting transpiler handle conversion: checkStorageSupport
JSNI DETECTED: checkStorageSupport in class StorageSupportDetector
JSNI CONVERTED: checkStorageSupport with JSNI body
🔍 JSNIAdapter: Processing JSNI comment blocks for compilation unit
✅ JSNIAdapter: Processed JSNI methods
🔄 JSNIAdapter: Found native method, letting transpiler handle conversion: clear
JSNI DETECTED: clear in class StorageImpl
JSNI CONVERTED: clear with JSNI body
🔄 JSNIAdapter: Found native method, letting transpiler handle conversion: getItem
JSNI DETECTED: getItem in class StorageImpl
JSNI CONVERTED: getItem with JSNI body
🔄 JSNIAdapter: Found native method, letting transpiler handle conversion: getLength
JSNI DETECTED: getLength in class StorageImpl
JSNI CONVERTED: getLength with JSNI body
🔄 JSNIAdapter: Found native method, letting transpiler handle conversion: key
JSNI DETECTED: key in class StorageImpl
JSNI CONVERTED: key with JSNI body
🔄 JSNIAdapter: Found native method, letting transpiler handle conversion: removeItem
JSNI DETECTED: removeItem in class StorageImpl
JSNI CONVERTED: removeItem with JSNI body
🔄 JSNIAdapter: Found native method, letting transpiler handle conversion: setItem
JSNI DETECTED: setItem in class StorageImpl
JSNI CONVERTED: setItem with JSNI body
🔄 JSNIAdapter: Found native method, letting transpiler handle conversion: addStorageEventHandler0
JSNI DETECTED: addStorageEventHandler0 in class StorageImpl
JSNI CONVERTED: addStorageEventHandler0 with JSNI body
🔄 JSNIAdapter: Found native method, letting transpiler handle conversion: getStorageFromEvent
JSNI DETECTED: getStorageFromEvent in class StorageImpl
JSNI CONVERTED: getStorageFromEvent with JSNI body
🔄 JSNIAdapter: Found native method, letting transpiler handle conversion: removeStorageEventHandler0
JSNI DETECTED: removeStorageEventHandler0 in class StorageImpl
JSNI CONVERTED: removeStorageEventHandler0 with JSNI body
🔍 JSNIAdapter: Processing JSNI comment blocks for compilation unit
✅ JSNIAdapter: Processed JSNI methods
🔄 JSNIAdapter: Found native method, letting transpiler handle conversion: getType
JSNI DETECTED: getType in class FillStrokeStyle
JSNI CONVERTED: getType with JSNI body
🔍 JSNIAdapter: Processing JSNI comment blocks for compilation unit
✅ JSNIAdapter: Processed JSNI methods
🔄 JSNIAdapter: Found native method, letting transpiler handle conversion: make
JSNI DETECTED: make in class CssColor
JSNI CONVERTED: make with JSNI body
🔄 JSNIAdapter: Found native method, letting transpiler handle conversion: value
JSNI DETECTED: value in class CssColor
JSNI CONVERTED: value with JSNI body
🔍 JSNIAdapter: Processing JSNI comment blocks for compilation unit
✅ JSNIAdapter: Processed JSNI methods
🔄 JSNIAdapter: Found native method, letting transpiler handle conversion: arc
JSNI DETECTED: arc in class Context2d
JSNI CONVERTED: arc with JSNI body
🔄 JSNIAdapter: Found native method, letting transpiler handle conversion: arc
🔄 JSNIAdapter: Found native method, letting transpiler handle conversion: arc
JSNI DETECTED: arc in class Context2d
JSNI CONVERTED: arc with JSNI body
JSNI DETECTED: arc in class Context2d
🔄 JSNIAdapter: Found native method, letting transpiler handle conversion: arcTo
JSNI DETECTED: arcTo in class Context2d
JSNI CONVERTED: arcTo with JSNI body
🔄 JSNIAdapter: Found native method, letting transpiler handle conversion: beginPath
JSNI DETECTED: beginPath in class Context2d
JSNI CONVERTED: beginPath with JSNI body
🔄 JSNIAdapter: Found native method, letting transpiler handle conversion: bezierCurveTo
[ERROR] method 'bezierCurveTo' cannot be native
  at /Users/ed.eustace/dev/github.com/ed-eustace/jsweet/gwt-to-ts-test/gwt-2.11.0/user/src/com/google/gwt/canvas/dom/client/Context2d.java(295,3)
🔄 JSNIAdapter: Found native method, letting transpiler handle conversion: clearRect
JSNI DETECTED: clearRect in class Context2d
JSNI CONVERTED: clearRect with JSNI body
🔄 JSNIAdapter: Found native method, letting transpiler handle conversion: clip
JSNI DETECTED: clip in class Context2d
JSNI CONVERTED: clip with JSNI body
🔄 JSNIAdapter: Found native method, letting transpiler handle conversion: closePath
JSNI DETECTED: closePath in class Context2d
JSNI CONVERTED: closePath with JSNI body
🔄 JSNIAdapter: Found native method, letting transpiler handle conversion: createImageData
JSNI DETECTED: createImageData in class Context2d
JSNI CONVERTED: createImageData with JSNI body
🔄 JSNIAdapter: Found native method, letting transpiler handle conversion: createImageData
🔄 JSNIAdapter: Found native method, letting transpiler handle conversion: createImageData
JSNI DETECTED: createImageData in class Context2d
JSNI CONVERTED: createImageData with JSNI body
JSNI DETECTED: createImageData in class Context2d
🔄 JSNIAdapter: Found native method, letting transpiler handle conversion: createLinearGradient
[ERROR] method 'createLinearGradient' cannot be native
  at /Users/ed.eustace/dev/github.com/ed-eustace/jsweet/gwt-to-ts-test/gwt-2.11.0/user/src/com/google/gwt/canvas/dom/client/Context2d.java(356,3)
🔄 JSNIAdapter: Found native method, letting transpiler handle conversion: createPattern
JSNI DETECTED: createPattern in class Context2d
JSNI CONVERTED: createPattern with JSNI body
🔄 JSNIAdapter: Found native method, letting transpiler handle conversion: createPattern
JSNI DETECTED: createPattern in class Context2d
JSNI CONVERTED: createPattern with JSNI body
🔄 JSNIAdapter: Found native method, letting transpiler handle conversion: createRadialGradient
[ERROR] method 'createRadialGradient' cannot be native
  at /Users/ed.eustace/dev/github.com/ed-eustace/jsweet/gwt-to-ts-test/gwt-2.11.0/user/src/com/google/gwt/canvas/dom/client/Context2d.java(416,3)
🔄 JSNIAdapter: Found native method, letting transpiler handle conversion: drawImage
JSNI DETECTED: drawImage in class Context2d
JSNI CONVERTED: drawImage with JSNI body
🔄 JSNIAdapter: Found native method, letting transpiler handle conversion: drawImage
JSNI DETECTED: drawImage in class Context2d
JSNI CONVERTED: drawImage with JSNI body
🔄 JSNIAdapter: Found native method, letting transpiler handle conversion: drawImage
🔄 JSNIAdapter: Found native method, letting transpiler handle conversion: drawImage
JSNI DETECTED: drawImage in class Context2d
JSNI CONVERTED: drawImage with JSNI body
JSNI DETECTED: drawImage in class Context2d
🔄 JSNIAdapter: Found native method, letting transpiler handle conversion: drawImage
JSNI DETECTED: drawImage in class Context2d
JSNI CONVERTED: drawImage with JSNI body
🔄 JSNIAdapter: Found native method, letting transpiler handle conversion: drawImage
JSNI DETECTED: drawImage in class Context2d
JSNI CONVERTED: drawImage with JSNI body
🔄 JSNIAdapter: Found native method, letting transpiler handle conversion: drawImage
JSNI DETECTED: drawImage in class Context2d
JSNI CONVERTED: drawImage with JSNI body
🔄 JSNIAdapter: Found native method, letting transpiler handle conversion: drawImage
JSNI DETECTED: drawImage in class Context2d
JSNI CONVERTED: drawImage with JSNI body
🔄 JSNIAdapter: Found native method, letting transpiler handle conversion: drawImage
JSNI DETECTED: drawImage in class Context2d
JSNI CONVERTED: drawImage with JSNI body
🔄 JSNIAdapter: Found native method, letting transpiler handle conversion: drawImage
JSNI DETECTED: drawImage in class Context2d
JSNI CONVERTED: drawImage with JSNI body
🔄 JSNIAdapter: Found native method, letting transpiler handle conversion: fill
JSNI DETECTED: fill in class Context2d
JSNI CONVERTED: fill with JSNI body
🔄 JSNIAdapter: Found native method, letting transpiler handle conversion: fillRect
JSNI DETECTED: fillRect in class Context2d
JSNI CONVERTED: fillRect with JSNI body
🔄 JSNIAdapter: Found native method, letting transpiler handle conversion: fillText
JSNI DETECTED: fillText in class Context2d
JSNI CONVERTED: fillText with JSNI body
🔄 JSNIAdapter: Found native method, letting transpiler handle conversion: fillText
🔄 JSNIAdapter: Found native method, letting transpiler handle conversion: fillText
JSNI DETECTED: fillText in class Context2d
JSNI CONVERTED: fillText with JSNI body
JSNI DETECTED: fillText in class Context2d
🔄 JSNIAdapter: Found native method, letting transpiler handle conversion: getCanvas
JSNI DETECTED: getCanvas in class Context2d
JSNI CONVERTED: getCanvas with JSNI body
🔄 JSNIAdapter: Found native method, letting transpiler handle conversion: getFont
JSNI DETECTED: getFont in class Context2d
JSNI CONVERTED: getFont with JSNI body
🔄 JSNIAdapter: Found native method, letting transpiler handle conversion: getGlobalAlpha
JSNI DETECTED: getGlobalAlpha in class Context2d
JSNI CONVERTED: getGlobalAlpha with JSNI body
🔄 JSNIAdapter: Found native method, letting transpiler handle conversion: getGlobalCompositeOperation
JSNI DETECTED: getGlobalCompositeOperation in class Context2d
JSNI CONVERTED: getGlobalCompositeOperation with JSNI body
🔄 JSNIAdapter: Found native method, letting transpiler handle conversion: getImageData
JSNI DETECTED: getImageData in class Context2d
JSNI CONVERTED: getImageData with JSNI body
🔄 JSNIAdapter: Found native method, letting transpiler handle conversion: getLineCap
JSNI DETECTED: getLineCap in class Context2d
JSNI CONVERTED: getLineCap with JSNI body
🔄 JSNIAdapter: Found native method, letting transpiler handle conversion: getLineJoin
JSNI DETECTED: getLineJoin in class Context2d
JSNI CONVERTED: getLineJoin with JSNI body
🔄 JSNIAdapter: Found native method, letting transpiler handle conversion: getLineWidth
JSNI DETECTED: getLineWidth in class Context2d
JSNI CONVERTED: getLineWidth with JSNI body
🔄 JSNIAdapter: Found native method, letting transpiler handle conversion: getMiterLimit
JSNI DETECTED: getMiterLimit in class Context2d
JSNI CONVERTED: getMiterLimit with JSNI body
🔄 JSNIAdapter: Found native method, letting transpiler handle conversion: getShadowBlur
JSNI DETECTED: getShadowBlur in class Context2d
JSNI CONVERTED: getShadowBlur with JSNI body
🔄 JSNIAdapter: Found native method, letting transpiler handle conversion: getShadowColor
JSNI DETECTED: getShadowColor in class Context2d
JSNI CONVERTED: getShadowColor with JSNI body
🔄 JSNIAdapter: Found native method, letting transpiler handle conversion: getShadowOffsetX
JSNI DETECTED: getShadowOffsetX in class Context2d
JSNI CONVERTED: getShadowOffsetX with JSNI body
🔄 JSNIAdapter: Found native method, letting transpiler handle conversion: getShadowOffsetY
JSNI DETECTED: getShadowOffsetY in class Context2d
JSNI CONVERTED: getShadowOffsetY with JSNI body
🔄 JSNIAdapter: Found native method, letting transpiler handle conversion: getTextAlign
JSNI DETECTED: getTextAlign in class Context2d
JSNI CONVERTED: getTextAlign with JSNI body
🔄 JSNIAdapter: Found native method, letting transpiler handle conversion: getTextBaseline
JSNI DETECTED: getTextBaseline in class Context2d
JSNI CONVERTED: getTextBaseline with JSNI body
🔄 JSNIAdapter: Found native method, letting transpiler handle conversion: isPointInPath
JSNI DETECTED: isPointInPath in class Context2d
JSNI CONVERTED: isPointInPath with JSNI body
🔄 JSNIAdapter: Found native method, letting transpiler handle conversion: lineTo
JSNI DETECTED: lineTo in class Context2d
JSNI CONVERTED: lineTo with JSNI body
🔄 JSNIAdapter: Found native method, letting transpiler handle conversion: measureText
JSNI DETECTED: measureText in class Context2d
JSNI CONVERTED: measureText with JSNI body
🔄 JSNIAdapter: Found native method, letting transpiler handle conversion: moveTo
JSNI DETECTED: moveTo in class Context2d
JSNI CONVERTED: moveTo with JSNI body
🔄 JSNIAdapter: Found native method, letting transpiler handle conversion: putImageData
JSNI DETECTED: putImageData in class Context2d
JSNI CONVERTED: putImageData with JSNI body
🔄 JSNIAdapter: Found native method, letting transpiler handle conversion: quadraticCurveTo
JSNI DETECTED: quadraticCurveTo in class Context2d
JSNI CONVERTED: quadraticCurveTo with JSNI body
🔄 JSNIAdapter: Found native method, letting transpiler handle conversion: rect
JSNI DETECTED: rect in class Context2d
JSNI CONVERTED: rect with JSNI body
🔄 JSNIAdapter: Found native method, letting transpiler handle conversion: restore
JSNI DETECTED: restore in class Context2d
JSNI CONVERTED: restore with JSNI body
🔄 JSNIAdapter: Found native method, letting transpiler handle conversion: rotate
JSNI DETECTED: rotate in class Context2d
JSNI CONVERTED: rotate with JSNI body
🔄 JSNIAdapter: Found native method, letting transpiler handle conversion: save
JSNI DETECTED: save in class Context2d
JSNI CONVERTED: save with JSNI body
🔄 JSNIAdapter: Found native method, letting transpiler handle conversion: scale
JSNI DETECTED: scale in class Context2d
JSNI CONVERTED: scale with JSNI body
🔄 JSNIAdapter: Found native method, letting transpiler handle conversion: setFont
JSNI DETECTED: setFont in class Context2d
JSNI CONVERTED: setFont with JSNI body
🔄 JSNIAdapter: Found native method, letting transpiler handle conversion: setGlobalAlpha
JSNI DETECTED: setGlobalAlpha in class Context2d
JSNI CONVERTED: setGlobalAlpha with JSNI body
🔄 JSNIAdapter: Found native method, letting transpiler handle conversion: setGlobalCompositeOperation
JSNI DETECTED: setGlobalCompositeOperation in class Context2d
JSNI CONVERTED: setGlobalCompositeOperation with JSNI body
🔄 JSNIAdapter: Found native method, letting transpiler handle conversion: setLineCap
JSNI DETECTED: setLineCap in class Context2d
JSNI CONVERTED: setLineCap with JSNI body
🔄 JSNIAdapter: Found native method, letting transpiler handle conversion: setLineJoin
JSNI DETECTED: setLineJoin in class Context2d
JSNI CONVERTED: setLineJoin with JSNI body
🔄 JSNIAdapter: Found native method, letting transpiler handle conversion: setLineWidth
JSNI DETECTED: setLineWidth in class Context2d
JSNI CONVERTED: setLineWidth with JSNI body
🔄 JSNIAdapter: Found native method, letting transpiler handle conversion: setMiterLimit
JSNI DETECTED: setMiterLimit in class Context2d
JSNI CONVERTED: setMiterLimit with JSNI body
🔄 JSNIAdapter: Found native method, letting transpiler handle conversion: setShadowBlur
JSNI DETECTED: setShadowBlur in class Context2d
JSNI CONVERTED: setShadowBlur with JSNI body
🔄 JSNIAdapter: Found native method, letting transpiler handle conversion: setShadowColor
JSNI DETECTED: setShadowColor in class Context2d
JSNI CONVERTED: setShadowColor with JSNI body
🔄 JSNIAdapter: Found native method, letting transpiler handle conversion: setShadowOffsetX
JSNI DETECTED: setShadowOffsetX in class Context2d
JSNI CONVERTED: setShadowOffsetX with JSNI body
🔄 JSNIAdapter: Found native method, letting transpiler handle conversion: setShadowOffsetY
JSNI DETECTED: setShadowOffsetY in class Context2d
JSNI CONVERTED: setShadowOffsetY with JSNI body
🔄 JSNIAdapter: Found native method, letting transpiler handle conversion: setTextAlign
🔄 JSNIAdapter: Found native method, letting transpiler handle conversion: setTextAlign
JSNI DETECTED: setTextAlign in class Context2d
JSNI CONVERTED: setTextAlign with JSNI body
JSNI DETECTED: setTextAlign in class Context2d
🔄 JSNIAdapter: Found native method, letting transpiler handle conversion: setTextBaseline
🔄 JSNIAdapter: Found native method, letting transpiler handle conversion: setTextBaseline
JSNI DETECTED: setTextBaseline in class Context2d
JSNI CONVERTED: setTextBaseline with JSNI body
JSNI DETECTED: setTextBaseline in class Context2d
🔄 JSNIAdapter: Found native method, letting transpiler handle conversion: setTransform
[ERROR] method 'setTransform' cannot be native
  at /Users/ed.eustace/dev/github.com/ed-eustace/jsweet/gwt-to-ts-test/gwt-2.11.0/user/src/com/google/gwt/canvas/dom/client/Context2d.java(1145,3)
🔄 JSNIAdapter: Found native method, letting transpiler handle conversion: stroke
JSNI DETECTED: stroke in class Context2d
JSNI CONVERTED: stroke with JSNI body
🔄 JSNIAdapter: Found native method, letting transpiler handle conversion: strokeRect
JSNI DETECTED: strokeRect in class Context2d
JSNI CONVERTED: strokeRect with JSNI body
🔄 JSNIAdapter: Found native method, letting transpiler handle conversion: strokeText
JSNI DETECTED: strokeText in class Context2d
JSNI CONVERTED: strokeText with JSNI body
🔄 JSNIAdapter: Found native method, letting transpiler handle conversion: strokeText
🔄 JSNIAdapter: Found native method, letting transpiler handle conversion: strokeText
JSNI DETECTED: strokeText in class Context2d
JSNI CONVERTED: strokeText with JSNI body
JSNI DETECTED: strokeText in class Context2d
🔄 JSNIAdapter: Found native method, letting transpiler handle conversion: transform
[ERROR] method 'transform' cannot be native
  at /Users/ed.eustace/dev/github.com/ed-eustace/jsweet/gwt-to-ts-test/gwt-2.11.0/user/src/com/google/gwt/canvas/dom/client/Context2d.java(1203,3)
🔄 JSNIAdapter: Found native method, letting transpiler handle conversion: translate
JSNI DETECTED: translate in class Context2d
JSNI CONVERTED: translate with JSNI body
🔄 JSNIAdapter: Found native method, letting transpiler handle conversion: getFillStyleDev
JSNI DETECTED: getFillStyleDev in class Context2d
JSNI CONVERTED: getFillStyleDev with JSNI body
🔄 JSNIAdapter: Found native method, letting transpiler handle conversion: getFillStyleWeb
JSNI DETECTED: getFillStyleWeb in class Context2d
JSNI CONVERTED: getFillStyleWeb with JSNI body
🔄 JSNIAdapter: Found native method, letting transpiler handle conversion: getStrokeStyleDev
JSNI DETECTED: getStrokeStyleDev in class Context2d
JSNI CONVERTED: getStrokeStyleDev with JSNI body
🔄 JSNIAdapter: Found native method, letting transpiler handle conversion: getStrokeStyleWeb
JSNI DETECTED: getStrokeStyleWeb in class Context2d
JSNI CONVERTED: getStrokeStyleWeb with JSNI body
🔄 JSNIAdapter: Found native method, letting transpiler handle conversion: setFillStyleDev
JSNI DETECTED: setFillStyleDev in class Context2d
JSNI CONVERTED: setFillStyleDev with JSNI body
🔄 JSNIAdapter: Found native method, letting transpiler handle conversion: setFillStyleWeb
JSNI DETECTED: setFillStyleWeb in class Context2d
JSNI CONVERTED: setFillStyleWeb with JSNI body
🔄 JSNIAdapter: Found native method, letting transpiler handle conversion: setStrokeStyleDev
JSNI DETECTED: setStrokeStyleDev in class Context2d
JSNI CONVERTED: setStrokeStyleDev with JSNI body
🔄 JSNIAdapter: Found native method, letting transpiler handle conversion: setStrokeStyleWeb
JSNI DETECTED: setStrokeStyleWeb in class Context2d
JSNI CONVERTED: setStrokeStyleWeb with JSNI body
🔍 JSNIAdapter: Processing JSNI comment blocks for compilation unit
✅ JSNIAdapter: Processed JSNI methods
🔄 JSNIAdapter: Found native method, letting transpiler handle conversion: addColorStop
JSNI DETECTED: addColorStop in class CanvasGradient
JSNI CONVERTED: addColorStop with JSNI body
🔍 JSNIAdapter: Processing JSNI comment blocks for compilation unit
✅ JSNIAdapter: Processed JSNI methods
🔄 JSNIAdapter: Found native method, letting transpiler handle conversion: get
JSNI DETECTED: get in class CanvasPixelArray
JSNI CONVERTED: get with JSNI body
🔄 JSNIAdapter: Found native method, letting transpiler handle conversion: getLength
JSNI DETECTED: getLength in class CanvasPixelArray
JSNI CONVERTED: getLength with JSNI body
🔄 JSNIAdapter: Found native method, letting transpiler handle conversion: set
JSNI DETECTED: set in class CanvasPixelArray
JSNI CONVERTED: set with JSNI body
🔍 JSNIAdapter: Processing JSNI comment blocks for compilation unit
✅ JSNIAdapter: Processed JSNI methods
🔄 JSNIAdapter: Found native method, letting transpiler handle conversion: getData
JSNI DETECTED: getData in class ImageData
JSNI CONVERTED: getData with JSNI body
🔄 JSNIAdapter: Found native method, letting transpiler handle conversion: getHeight
JSNI DETECTED: getHeight in class ImageData
JSNI CONVERTED: getHeight with JSNI body
🔄 JSNIAdapter: Found native method, letting transpiler handle conversion: getWidth
JSNI DETECTED: getWidth in class ImageData
JSNI CONVERTED: getWidth with JSNI body
🔄 JSNIAdapter: Found native method, letting transpiler handle conversion: getColorAt
JSNI DETECTED: getColorAt in class ImageData
JSNI CONVERTED: getColorAt with JSNI body
🔄 JSNIAdapter: Found native method, letting transpiler handle conversion: setColorAt
JSNI DETECTED: setColorAt in class ImageData
JSNI CONVERTED: setColorAt with JSNI body
🔍 JSNIAdapter: Processing JSNI comment blocks for compilation unit
✅ JSNIAdapter: Processed JSNI methods
🔄 JSNIAdapter: Found native method, letting transpiler handle conversion: getWidth
JSNI DETECTED: getWidth in class TextMetrics
JSNI CONVERTED: getWidth with JSNI body
🔍 JSNIAdapter: Processing JSNI comment blocks for compilation unit
✅ JSNIAdapter: Processed JSNI methods
🔄 JSNIAdapter: Found native method, letting transpiler handle conversion: isSupportedRunTime
JSNI DETECTED: isSupportedRunTime in class CanvasElementSupportDetector
JSNI CONVERTED: isSupportedRunTime with JSNI body
🔍 JSNIAdapter: Processing JSNI comment blocks for compilation unit
✅ JSNIAdapter: Processed JSNI methods
🔄 JSNIAdapter: Found native method, letting transpiler handle conversion: clearInput
JSNI DETECTED: clearInput in class EditTextCell
JSNI CONVERTED: clearInput with JSNI body
🔍 JSNIAdapter: Processing JSNI comment blocks for compilation unit
✅ JSNIAdapter: Processed JSNI methods
🔄 JSNIAdapter: Found native method, letting transpiler handle conversion: get
JSNI DETECTED: get in class JSONArray
JSNI CONVERTED: get with JSNI body
🔄 JSNIAdapter: Found native method, letting transpiler handle conversion: size
JSNI DETECTED: size in class JSONArray
JSNI CONVERTED: size with JSNI body
🔄 JSNIAdapter: Found native method, letting transpiler handle conversion: getUnwrapper
JSNI DETECTED: getUnwrapper in class JSONArray
JSNI CONVERTED: getUnwrapper with JSNI body
🔄 JSNIAdapter: Found native method, letting transpiler handle conversion: set0
JSNI DETECTED: set0 in class JSONArray
JSNI CONVERTED: set0 with JSNI body
🔍 JSNIAdapter: Processing JSNI comment blocks for compilation unit
✅ JSNIAdapter: Processed JSNI methods
🔄 JSNIAdapter: Found native method, letting transpiler handle conversion: toString
JSNI DETECTED: toString in class JSONNumber
JSNI CONVERTED: toString with JSNI body
🔄 JSNIAdapter: Found native method, letting transpiler handle conversion: getUnwrapper
JSNI DETECTED: getUnwrapper in class JSONNumber
JSNI CONVERTED: getUnwrapper with JSNI body
🔍 JSNIAdapter: Processing JSNI comment blocks for compilation unit
✅ JSNIAdapter: Processed JSNI methods
🔄 JSNIAdapter: Found native method, letting transpiler handle conversion: getUnwrapper
JSNI DETECTED: getUnwrapper in class JSONNull
JSNI CONVERTED: getUnwrapper with JSNI body
🔍 JSNIAdapter: Processing JSNI comment blocks for compilation unit
✅ JSNIAdapter: Processed JSNI methods
🔄 JSNIAdapter: Found native method, letting transpiler handle conversion: containsKey
JSNI DETECTED: containsKey in class JSONObject
JSNI CONVERTED: containsKey with JSNI body
🔄 JSNIAdapter: Found native method, letting transpiler handle conversion: getUnwrapper
JSNI DETECTED: getUnwrapper in class JSONObject
JSNI CONVERTED: getUnwrapper with JSNI body
🔄 JSNIAdapter: Found native method, letting transpiler handle conversion: addAllKeys
JSNI DETECTED: addAllKeys in class JSONObject
JSNI CONVERTED: addAllKeys with JSNI body
🔄 JSNIAdapter: Found native method, letting transpiler handle conversion: computeKeys0
JSNI DETECTED: computeKeys0 in class JSONObject
JSNI CONVERTED: computeKeys0 with JSNI body
🔄 JSNIAdapter: Found native method, letting transpiler handle conversion: computeSize
JSNI DETECTED: computeSize in class JSONObject
JSNI CONVERTED: computeSize with JSNI body
🔄 JSNIAdapter: Found native method, letting transpiler handle conversion: get0
JSNI DETECTED: get0 in class JSONObject
JSNI CONVERTED: get0 with JSNI body
🔄 JSNIAdapter: Found native method, letting transpiler handle conversion: put0
JSNI DETECTED: put0 in class JSONObject
JSNI CONVERTED: put0 with JSNI body
🔍 JSNIAdapter: Processing JSNI comment blocks for compilation unit
✅ JSNIAdapter: Processed JSNI methods
🔄 JSNIAdapter: Found native method, letting transpiler handle conversion: getUnwrapper
JSNI DETECTED: getUnwrapper in class JSONString
JSNI CONVERTED: getUnwrapper with JSNI body
🔍 JSNIAdapter: Processing JSNI comment blocks for compilation unit
✅ JSNIAdapter: Processed JSNI methods
🔄 JSNIAdapter: Found native method, letting transpiler handle conversion: createObject
JSNI DETECTED: createObject in class JSONParser
JSNI CONVERTED: createObject with JSNI body
🔄 JSNIAdapter: Found native method, letting transpiler handle conversion: evaluate
JSNI DETECTED: evaluate in class JSONParser
JSNI CONVERTED: evaluate with JSNI body
🔄 JSNIAdapter: Found native method, letting transpiler handle conversion: initTypeMap
JSNI DETECTED: initTypeMap in class JSONParser
JSNI CONVERTED: initTypeMap with JSNI body
🔍 JSNIAdapter: Processing JSNI comment blocks for compilation unit
✅ JSNIAdapter: Processed JSNI methods
🔄 JSNIAdapter: Found native method, letting transpiler handle conversion: getUnwrapper
JSNI DETECTED: getUnwrapper in class JSONBoolean
JSNI CONVERTED: getUnwrapper with JSNI body
🔍 JSNIAdapter: Processing JSNI comment blocks for compilation unit
✅ JSNIAdapter: Processed JSNI methods
🔄 JSNIAdapter: Found native method, letting transpiler handle conversion: decodeImpl
JSNI DETECTED: decodeImpl in class URL
JSNI CONVERTED: decodeImpl with JSNI body
🔄 JSNIAdapter: Found native method, letting transpiler handle conversion: decodePathSegmentImpl
JSNI DETECTED: decodePathSegmentImpl in class URL
JSNI CONVERTED: decodePathSegmentImpl with JSNI body
🔄 JSNIAdapter: Found native method, letting transpiler handle conversion: decodeQueryStringImpl
JSNI DETECTED: decodeQueryStringImpl in class URL
JSNI CONVERTED: decodeQueryStringImpl with JSNI body
🔄 JSNIAdapter: Found native method, letting transpiler handle conversion: encodeImpl
JSNI DETECTED: encodeImpl in class URL
JSNI CONVERTED: encodeImpl with JSNI body
🔄 JSNIAdapter: Found native method, letting transpiler handle conversion: encodePathSegmentImpl
JSNI DETECTED: encodePathSegmentImpl in class URL
JSNI CONVERTED: encodePathSegmentImpl with JSNI body
🔄 JSNIAdapter: Found native method, letting transpiler handle conversion: encodeQueryStringImpl
JSNI DETECTED: encodeQueryStringImpl in class URL
JSNI CONVERTED: encodeQueryStringImpl with JSNI body
🔍 JSNIAdapter: Processing JSNI comment blocks for compilation unit
✅ JSNIAdapter: Processed JSNI methods
🔄 JSNIAdapter: Found native method, letting transpiler handle conversion: getAndIncrementCallbackCounter
JSNI DETECTED: getAndIncrementCallbackCounter in class JsonpRequest
JSNI CONVERTED: getAndIncrementCallbackCounter with JSNI body
🔄 JSNIAdapter: Found native method, letting transpiler handle conversion: getOrCreateCallbacksObject
JSNI DETECTED: getOrCreateCallbacksObject in class JsonpRequest
JSNI CONVERTED: getOrCreateCallbacksObject with JSNI body
🔄 JSNIAdapter: Found native method, letting transpiler handle conversion: registerCallbacks
JSNI DETECTED: registerCallbacks in class JsonpRequest
JSNI CONVERTED: registerCallbacks with JSNI body
🔄 JSNIAdapter: Found native method, letting transpiler handle conversion: unregisterCallbacks
JSNI DETECTED: unregisterCallbacks in class JsonpRequest
JSNI CONVERTED: unregisterCallbacks with JSNI body
🔍 JSNIAdapter: Processing JSNI comment blocks for compilation unit
✅ JSNIAdapter: Processed JSNI methods
🔄 JSNIAdapter: Found native method, letting transpiler handle conversion: getCoordinates
JSNI DETECTED: getCoordinates in class PositionImpl
JSNI CONVERTED: getCoordinates with JSNI body
🔄 JSNIAdapter: Found native method, letting transpiler handle conversion: getTimestamp
JSNI DETECTED: getTimestamp in class PositionImpl
JSNI CONVERTED: getTimestamp with JSNI body
🔄 JSNIAdapter: Found native method, letting transpiler handle conversion: getAccuracy
JSNI DETECTED: getAccuracy in class CoordinatesImpl
JSNI CONVERTED: getAccuracy with JSNI body
🔄 JSNIAdapter: Found native method, letting transpiler handle conversion: getAltitude
JSNI DETECTED: getAltitude in class CoordinatesImpl
JSNI CONVERTED: getAltitude with JSNI body
🔄 JSNIAdapter: Found native method, letting transpiler handle conversion: getAltitudeAccuracy
JSNI DETECTED: getAltitudeAccuracy in class CoordinatesImpl
JSNI CONVERTED: getAltitudeAccuracy with JSNI body
🔄 JSNIAdapter: Found native method, letting transpiler handle conversion: getHeading
JSNI DETECTED: getHeading in class CoordinatesImpl
JSNI CONVERTED: getHeading with JSNI body
🔄 JSNIAdapter: Found native method, letting transpiler handle conversion: getLatitude
JSNI DETECTED: getLatitude in class CoordinatesImpl
JSNI CONVERTED: getLatitude with JSNI body
🔄 JSNIAdapter: Found native method, letting transpiler handle conversion: getLongitude
JSNI DETECTED: getLongitude in class CoordinatesImpl
JSNI CONVERTED: getLongitude with JSNI body
🔄 JSNIAdapter: Found native method, letting transpiler handle conversion: getSpeed
JSNI DETECTED: getSpeed in class CoordinatesImpl
JSNI CONVERTED: getSpeed with JSNI body
🔍 JSNIAdapter: Processing JSNI comment blocks for compilation unit
✅ JSNIAdapter: Processed JSNI methods
🔄 JSNIAdapter: Found native method, letting transpiler handle conversion: detectSupport
JSNI DETECTED: detectSupport in class GeolocationSupportDetector
JSNI CONVERTED: detectSupport with JSNI body
🔄 JSNIAdapter: Found native method, letting transpiler handle conversion: toJso
JSNI DETECTED: toJso in class Geolocation
JSNI CONVERTED: toJso with JSNI body
🔄 JSNIAdapter: Found native method, letting transpiler handle conversion: clearWatch
JSNI DETECTED: clearWatch in class Geolocation
JSNI CONVERTED: clearWatch with JSNI body
🔄 JSNIAdapter: Found native method, letting transpiler handle conversion: getCurrentPosition
🔄 JSNIAdapter: Found native method, letting transpiler handle conversion: getCurrentPosition
[ERROR] method 'getCurrentPosition' cannot be native
  at /Users/ed.eustace/dev/github.com/ed-eustace/jsweet/gwt-to-ts-test/gwt-2.11.0/user/src/com/google/gwt/geolocation/client/Geolocation.java(218,3)
[ERROR] method 'getCurrentPosition' cannot be native
  at /Users/ed.eustace/dev/github.com/ed-eustace/jsweet/gwt-to-ts-test/gwt-2.11.0/user/src/com/google/gwt/geolocation/client/Geolocation.java(218,3)
🔄 JSNIAdapter: Found native method, letting transpiler handle conversion: watchPosition
🔄 JSNIAdapter: Found native method, letting transpiler handle conversion: watchPosition
[ERROR] method 'watchPosition' cannot be native
  at /Users/ed.eustace/dev/github.com/ed-eustace/jsweet/gwt-to-ts-test/gwt-2.11.0/user/src/com/google/gwt/geolocation/client/Geolocation.java(273,3)
[ERROR] method 'watchPosition' cannot be native
  at /Users/ed.eustace/dev/github.com/ed-eustace/jsweet/gwt-to-ts-test/gwt-2.11.0/user/src/com/google/gwt/geolocation/client/Geolocation.java(273,3)
🔍 JSNIAdapter: Processing JSNI comment blocks for compilation unit
✅ JSNIAdapter: Processed JSNI methods
🔄 JSNIAdapter: Found native method, letting transpiler handle conversion: getCamelCaseName
JSNI DETECTED: getCamelCaseName in class DomStylesBuilder
JSNI CONVERTED: getCamelCaseName with JSNI body
🔄 JSNIAdapter: Found native method, letting transpiler handle conversion: putCamelCaseName
JSNI DETECTED: putCamelCaseName in class DomStylesBuilder
JSNI CONVERTED: putCamelCaseName with JSNI body
🔍 JSNIAdapter: Processing JSNI comment blocks for compilation unit
✅ JSNIAdapter: Processed JSNI methods
🔄 JSNIAdapter: Found native method, letting transpiler handle conversion: getHref
JSNI DETECTED: getHref in class BaseElement
JSNI CONVERTED: getHref with JSNI body
🔄 JSNIAdapter: Found native method, letting transpiler handle conversion: getTarget
JSNI DETECTED: getTarget in class BaseElement
JSNI CONVERTED: getTarget with JSNI body
🔄 JSNIAdapter: Found native method, letting transpiler handle conversion: setHref
JSNI DETECTED: setHref in class BaseElement
JSNI CONVERTED: setHref with JSNI body
🔄 JSNIAdapter: Found native method, letting transpiler handle conversion: setTarget
JSNI DETECTED: setTarget in class BaseElement
JSNI CONVERTED: setTarget with JSNI body
🔍 JSNIAdapter: Processing JSNI comment blocks for compilation unit
✅ JSNIAdapter: Processed JSNI methods
🔄 JSNIAdapter: Found native method, letting transpiler handle conversion: getCode
JSNI DETECTED: getCode in class ObjectElement
JSNI CONVERTED: getCode with JSNI body
🔄 JSNIAdapter: Found native method, letting transpiler handle conversion: getContentDocument
JSNI DETECTED: getContentDocument in class ObjectElement
JSNI CONVERTED: getContentDocument with JSNI body
🔄 JSNIAdapter: Found native method, letting transpiler handle conversion: getData
JSNI DETECTED: getData in class ObjectElement
JSNI CONVERTED: getData with JSNI body
🔄 JSNIAdapter: Found native method, letting transpiler handle conversion: getForm
JSNI DETECTED: getForm in class ObjectElement
JSNI CONVERTED: getForm with JSNI body
🔄 JSNIAdapter: Found native method, letting transpiler handle conversion: getHeight
JSNI DETECTED: getHeight in class ObjectElement
JSNI CONVERTED: getHeight with JSNI body
🔄 JSNIAdapter: Found native method, letting transpiler handle conversion: getName
JSNI DETECTED: getName in class ObjectElement
JSNI CONVERTED: getName with JSNI body
🔄 JSNIAdapter: Found native method, letting transpiler handle conversion: getType
JSNI DETECTED: getType in class ObjectElement
JSNI CONVERTED: getType with JSNI body
🔄 JSNIAdapter: Found native method, letting transpiler handle conversion: getWidth
JSNI DETECTED: getWidth in class ObjectElement
JSNI CONVERTED: getWidth with JSNI body
🔄 JSNIAdapter: Found native method, letting transpiler handle conversion: setCode
JSNI DETECTED: setCode in class ObjectElement
JSNI CONVERTED: setCode with JSNI body
🔄 JSNIAdapter: Found native method, letting transpiler handle conversion: setData
JSNI DETECTED: setData in class ObjectElement
JSNI CONVERTED: setData with JSNI body
🔄 JSNIAdapter: Found native method, letting transpiler handle conversion: setHeight
JSNI DETECTED: setHeight in class ObjectElement
JSNI CONVERTED: setHeight with JSNI body
🔄 JSNIAdapter: Found native method, letting transpiler handle conversion: setName
JSNI DETECTED: setName in class ObjectElement
JSNI CONVERTED: setName with JSNI body
🔄 JSNIAdapter: Found native method, letting transpiler handle conversion: setType
JSNI DETECTED: setType in class ObjectElement
JSNI CONVERTED: setType with JSNI body
🔄 JSNIAdapter: Found native method, letting transpiler handle conversion: setUseMap
JSNI DETECTED: setUseMap in class ObjectElement
JSNI CONVERTED: setUseMap with JSNI body
🔄 JSNIAdapter: Found native method, letting transpiler handle conversion: setWidth
JSNI DETECTED: setWidth in class ObjectElement
JSNI CONVERTED: setWidth with JSNI body
🔄 JSNIAdapter: Found native method, letting transpiler handle conversion: useMap
JSNI DETECTED: useMap in class ObjectElement
JSNI CONVERTED: useMap with JSNI body
🔍 JSNIAdapter: Processing JSNI comment blocks for compilation unit
✅ JSNIAdapter: Processed JSNI methods
🔄 JSNIAdapter: Found native method, letting transpiler handle conversion: toInt32
JSNI DETECTED: toInt32 in class Element
JSNI CONVERTED: toInt32 with JSNI body
🔄 JSNIAdapter: Found native method, letting transpiler handle conversion: blur
JSNI DETECTED: blur in class Element
JSNI CONVERTED: blur with JSNI body
🔄 JSNIAdapter: Found native method, letting transpiler handle conversion: focus
JSNI DETECTED: focus in class Element
JSNI CONVERTED: focus with JSNI body
🔄 JSNIAdapter: Found native method, letting transpiler handle conversion: getClassName
JSNI DETECTED: getClassName in class Element
JSNI CONVERTED: getClassName with JSNI body
🔄 JSNIAdapter: Found native method, letting transpiler handle conversion: getDir
JSNI DETECTED: getDir in class Element
JSNI CONVERTED: getDir with JSNI body
🔄 JSNIAdapter: Found native method, letting transpiler handle conversion: getDraggable
JSNI DETECTED: getDraggable in class Element
JSNI CONVERTED: getDraggable with JSNI body
🔄 JSNIAdapter: Found native method, letting transpiler handle conversion: getElementsByTagName
JSNI DETECTED: getElementsByTagName in class Element
JSNI CONVERTED: getElementsByTagName with JSNI body
🔄 JSNIAdapter: Found native method, letting transpiler handle conversion: getId
JSNI DETECTED: getId in class Element
JSNI CONVERTED: getId with JSNI body
🔄 JSNIAdapter: Found native method, letting transpiler handle conversion: getLang
JSNI DETECTED: getLang in class Element
JSNI CONVERTED: getLang with JSNI body
🔄 JSNIAdapter: Found native method, letting transpiler handle conversion: getOffsetParent
JSNI DETECTED: getOffsetParent in class Element
JSNI CONVERTED: getOffsetParent with JSNI body
🔄 JSNIAdapter: Found native method, letting transpiler handle conversion: getPropertyBoolean
JSNI DETECTED: getPropertyBoolean in class Element
JSNI CONVERTED: getPropertyBoolean with JSNI body
🔄 JSNIAdapter: Found native method, letting transpiler handle conversion: getPropertyDouble
JSNI DETECTED: getPropertyDouble in class Element
JSNI CONVERTED: getPropertyDouble with JSNI body
🔄 JSNIAdapter: Found native method, letting transpiler handle conversion: getPropertyInt
JSNI DETECTED: getPropertyInt in class Element
JSNI CONVERTED: getPropertyInt with JSNI body
🔄 JSNIAdapter: Found native method, letting transpiler handle conversion: getPropertyJSO
JSNI DETECTED: getPropertyJSO in class Element
JSNI CONVERTED: getPropertyJSO with JSNI body
🔄 JSNIAdapter: Found native method, letting transpiler handle conversion: getPropertyObject
JSNI DETECTED: getPropertyObject in class Element
JSNI CONVERTED: getPropertyObject with JSNI body
🔄 JSNIAdapter: Found native method, letting transpiler handle conversion: getPropertyString
JSNI DETECTED: getPropertyString in class Element
JSNI CONVERTED: getPropertyString with JSNI body
🔄 JSNIAdapter: Found native method, letting transpiler handle conversion: getStyle
JSNI DETECTED: getStyle in class Element
JSNI CONVERTED: getStyle with JSNI body
🔄 JSNIAdapter: Found native method, letting transpiler handle conversion: getTitle
JSNI DETECTED: getTitle in class Element
JSNI CONVERTED: getTitle with JSNI body
🔄 JSNIAdapter: Found native method, letting transpiler handle conversion: removeAttribute
JSNI DETECTED: removeAttribute in class Element
JSNI CONVERTED: removeAttribute with JSNI body
🔄 JSNIAdapter: Found native method, letting transpiler handle conversion: setAttribute
JSNI DETECTED: setAttribute in class Element
JSNI CONVERTED: setAttribute with JSNI body
🔄 JSNIAdapter: Found native method, letting transpiler handle conversion: setClassName
JSNI DETECTED: setClassName in class Element
JSNI CONVERTED: setClassName with JSNI body
🔄 JSNIAdapter: Found native method, letting transpiler handle conversion: setDir
JSNI DETECTED: setDir in class Element
JSNI CONVERTED: setDir with JSNI body
🔄 JSNIAdapter: Found native method, letting transpiler handle conversion: setId
JSNI DETECTED: setId in class Element
JSNI CONVERTED: setId with JSNI body
🔄 JSNIAdapter: Found native method, letting transpiler handle conversion: setInnerHTML
JSNI DETECTED: setInnerHTML in class Element
JSNI CONVERTED: setInnerHTML with JSNI body
🔄 JSNIAdapter: Found native method, letting transpiler handle conversion: setLang
JSNI DETECTED: setLang in class Element
JSNI CONVERTED: setLang with JSNI body
🔄 JSNIAdapter: Found native method, letting transpiler handle conversion: setPropertyBoolean
JSNI DETECTED: setPropertyBoolean in class Element
JSNI CONVERTED: setPropertyBoolean with JSNI body
🔄 JSNIAdapter: Found native method, letting transpiler handle conversion: setPropertyDouble
JSNI DETECTED: setPropertyDouble in class Element
JSNI CONVERTED: setPropertyDouble with JSNI body
🔄 JSNIAdapter: Found native method, letting transpiler handle conversion: setPropertyInt
JSNI DETECTED: setPropertyInt in class Element
JSNI CONVERTED: setPropertyInt with JSNI body
🔄 JSNIAdapter: Found native method, letting transpiler handle conversion: setPropertyJSO
JSNI DETECTED: setPropertyJSO in class Element
JSNI CONVERTED: setPropertyJSO with JSNI body
🔄 JSNIAdapter: Found native method, letting transpiler handle conversion: setPropertyObject
JSNI DETECTED: setPropertyObject in class Element
JSNI CONVERTED: setPropertyObject with JSNI body
🔄 JSNIAdapter: Found native method, letting transpiler handle conversion: setPropertyString
JSNI DETECTED: setPropertyString in class Element
JSNI CONVERTED: setPropertyString with JSNI body
🔄 JSNIAdapter: Found native method, letting transpiler handle conversion: setScrollTop
JSNI DETECTED: setScrollTop in class Element
JSNI CONVERTED: setScrollTop with JSNI body
🔄 JSNIAdapter: Found native method, letting transpiler handle conversion: setTabIndex
JSNI DETECTED: setTabIndex in class Element
JSNI CONVERTED: setTabIndex with JSNI body
🔄 JSNIAdapter: Found native method, letting transpiler handle conversion: setTitle
JSNI DETECTED: setTitle in class Element
JSNI CONVERTED: setTitle with JSNI body
🔄 JSNIAdapter: Found native method, letting transpiler handle conversion: getSubPixelClientHeight
JSNI DETECTED: getSubPixelClientHeight in class Element
JSNI CONVERTED: getSubPixelClientHeight with JSNI body
🔄 JSNIAdapter: Found native method, letting transpiler handle conversion: getSubPixelClientWidth
JSNI DETECTED: getSubPixelClientWidth in class Element
JSNI CONVERTED: getSubPixelClientWidth with JSNI body
🔄 JSNIAdapter: Found native method, letting transpiler handle conversion: getSubPixelOffsetHeight
JSNI DETECTED: getSubPixelOffsetHeight in class Element
JSNI CONVERTED: getSubPixelOffsetHeight with JSNI body
🔄 JSNIAdapter: Found native method, letting transpiler handle conversion: getSubPixelOffsetLeft
JSNI DETECTED: getSubPixelOffsetLeft in class Element
JSNI CONVERTED: getSubPixelOffsetLeft with JSNI body
🔄 JSNIAdapter: Found native method, letting transpiler handle conversion: getSubPixelOffsetTop
JSNI DETECTED: getSubPixelOffsetTop in class Element
JSNI CONVERTED: getSubPixelOffsetTop with JSNI body
🔄 JSNIAdapter: Found native method, letting transpiler handle conversion: getSubPixelOffsetWidth
JSNI DETECTED: getSubPixelOffsetWidth in class Element
JSNI CONVERTED: getSubPixelOffsetWidth with JSNI body
🔄 JSNIAdapter: Found native method, letting transpiler handle conversion: getSubPixelScrollHeight
JSNI DETECTED: getSubPixelScrollHeight in class Element
JSNI CONVERTED: getSubPixelScrollHeight with JSNI body
🔄 JSNIAdapter: Found native method, letting transpiler handle conversion: getSubPixelScrollTop
JSNI DETECTED: getSubPixelScrollTop in class Element
JSNI CONVERTED: getSubPixelScrollTop with JSNI body
🔄 JSNIAdapter: Found native method, letting transpiler handle conversion: getSubPixelScrollWidth
JSNI DETECTED: getSubPixelScrollWidth in class Element
JSNI CONVERTED: getSubPixelScrollWidth with JSNI body
🔍 JSNIAdapter: Processing JSNI comment blocks for compilation unit
✅ JSNIAdapter: Processed JSNI methods
🔄 JSNIAdapter: Found native method, letting transpiler handle conversion: getDisabled
JSNI DETECTED: getDisabled in class OptGroupElement
JSNI CONVERTED: getDisabled with JSNI body
🔄 JSNIAdapter: Found native method, letting transpiler handle conversion: getLabel
JSNI DETECTED: getLabel in class OptGroupElement
JSNI CONVERTED: getLabel with JSNI body
🔄 JSNIAdapter: Found native method, letting transpiler handle conversion: isDisabled
JSNI DETECTED: isDisabled in class OptGroupElement
JSNI CONVERTED: isDisabled with JSNI body
🔄 JSNIAdapter: Found native method, letting transpiler handle conversion: setDisabled
JSNI DETECTED: setDisabled in class OptGroupElement
JSNI CONVERTED: setDisabled with JSNI body
🔄 JSNIAdapter: Found native method, letting transpiler handle conversion: setDisabled
🔄 JSNIAdapter: Found native method, letting transpiler handle conversion: setDisabled
JSNI DETECTED: setDisabled in class OptGroupElement
JSNI CONVERTED: setDisabled with JSNI body
JSNI DETECTED: setDisabled in class OptGroupElement
🔄 JSNIAdapter: Found native method, letting transpiler handle conversion: setLabel
JSNI DETECTED: setLabel in class OptGroupElement
JSNI CONVERTED: setLabel with JSNI body
🔍 JSNIAdapter: Processing JSNI comment blocks for compilation unit
✅ JSNIAdapter: Processed JSNI methods
🔄 JSNIAdapter: Found native method, letting transpiler handle conversion: getAccessKey
JSNI DETECTED: getAccessKey in class LabelElement
JSNI CONVERTED: getAccessKey with JSNI body
🔄 JSNIAdapter: Found native method, letting transpiler handle conversion: getForm
JSNI DETECTED: getForm in class LabelElement
JSNI CONVERTED: getForm with JSNI body
🔄 JSNIAdapter: Found native method, letting transpiler handle conversion: getHtmlFor
JSNI DETECTED: getHtmlFor in class LabelElement
JSNI CONVERTED: getHtmlFor with JSNI body
🔄 JSNIAdapter: Found native method, letting transpiler handle conversion: setAccessKey
JSNI DETECTED: setAccessKey in class LabelElement
JSNI CONVERTED: setAccessKey with JSNI body
🔄 JSNIAdapter: Found native method, letting transpiler handle conversion: setHtmlFor
JSNI DETECTED: setHtmlFor in class LabelElement
JSNI CONVERTED: setHtmlFor with JSNI body
🔍 JSNIAdapter: Processing JSNI comment blocks for compilation unit
✅ JSNIAdapter: Processed JSNI methods
🔄 JSNIAdapter: Found native method, letting transpiler handle conversion: deleteData
JSNI DETECTED: deleteData in class Text
JSNI CONVERTED: deleteData with JSNI body
🔄 JSNIAdapter: Found native method, letting transpiler handle conversion: getData
JSNI DETECTED: getData in class Text
JSNI CONVERTED: getData with JSNI body
🔄 JSNIAdapter: Found native method, letting transpiler handle conversion: getLength
JSNI DETECTED: getLength in class Text
JSNI CONVERTED: getLength with JSNI body
🔄 JSNIAdapter: Found native method, letting transpiler handle conversion: insertData
JSNI DETECTED: insertData in class Text
JSNI CONVERTED: insertData with JSNI body
🔄 JSNIAdapter: Found native method, letting transpiler handle conversion: replaceData
JSNI DETECTED: replaceData in class Text
JSNI CONVERTED: replaceData with JSNI body
🔄 JSNIAdapter: Found native method, letting transpiler handle conversion: setData
JSNI DETECTED: setData in class Text
JSNI CONVERTED: setData with JSNI body
🔄 JSNIAdapter: Found native method, letting transpiler handle conversion: splitText
JSNI DETECTED: splitText in class Text
JSNI CONVERTED: splitText with JSNI body
🔍 JSNIAdapter: Processing JSNI comment blocks for compilation unit
✅ JSNIAdapter: Processed JSNI methods
🔄 JSNIAdapter: Found native method, letting transpiler handle conversion: deleteRow
JSNI DETECTED: deleteRow in class TableSectionElement
JSNI CONVERTED: deleteRow with JSNI body
🔄 JSNIAdapter: Found native method, letting transpiler handle conversion: getAlign
JSNI DETECTED: getAlign in class TableSectionElement
JSNI CONVERTED: getAlign with JSNI body
🔄 JSNIAdapter: Found native method, letting transpiler handle conversion: getCh
JSNI DETECTED: getCh in class TableSectionElement
JSNI CONVERTED: getCh with JSNI body
🔄 JSNIAdapter: Found native method, letting transpiler handle conversion: getChOff
JSNI DETECTED: getChOff in class TableSectionElement
JSNI CONVERTED: getChOff with JSNI body
🔄 JSNIAdapter: Found native method, letting transpiler handle conversion: getRows
JSNI DETECTED: getRows in class TableSectionElement
JSNI CONVERTED: getRows with JSNI body
🔄 JSNIAdapter: Found native method, letting transpiler handle conversion: getVAlign
JSNI DETECTED: getVAlign in class TableSectionElement
JSNI CONVERTED: getVAlign with JSNI body
🔄 JSNIAdapter: Found native method, letting transpiler handle conversion: insertRow
JSNI DETECTED: insertRow in class TableSectionElement
JSNI CONVERTED: insertRow with JSNI body
🔄 JSNIAdapter: Found native method, letting transpiler handle conversion: setAlign
JSNI DETECTED: setAlign in class TableSectionElement
JSNI CONVERTED: setAlign with JSNI body
🔄 JSNIAdapter: Found native method, letting transpiler handle conversion: setCh
JSNI DETECTED: setCh in class TableSectionElement
JSNI CONVERTED: setCh with JSNI body
🔄 JSNIAdapter: Found native method, letting transpiler handle conversion: setChOff
JSNI DETECTED: setChOff in class TableSectionElement
JSNI CONVERTED: setChOff with JSNI body
🔄 JSNIAdapter: Found native method, letting transpiler handle conversion: setVAlign
JSNI DETECTED: setVAlign in class TableSectionElement
JSNI CONVERTED: setVAlign with JSNI body
🔍 JSNIAdapter: Processing JSNI comment blocks for compilation unit
✅ JSNIAdapter: Processed JSNI methods
🔄 JSNIAdapter: Found native method, letting transpiler handle conversion: is
JSNI DETECTED: is in class Node
JSNI CONVERTED: is with JSNI body
🔄 JSNIAdapter: Found native method, letting transpiler handle conversion: appendChild
JSNI DETECTED: appendChild in class Node
JSNI CONVERTED: appendChild with JSNI body
🔄 JSNIAdapter: Found native method, letting transpiler handle conversion: cloneNode
JSNI DETECTED: cloneNode in class Node
JSNI CONVERTED: cloneNode with JSNI body
🔄 JSNIAdapter: Found native method, letting transpiler handle conversion: getChildNodes
JSNI DETECTED: getChildNodes in class Node
JSNI CONVERTED: getChildNodes with JSNI body
🔄 JSNIAdapter: Found native method, letting transpiler handle conversion: getFirstChild
JSNI DETECTED: getFirstChild in class Node
JSNI CONVERTED: getFirstChild with JSNI body
🔄 JSNIAdapter: Found native method, letting transpiler handle conversion: getLastChild
JSNI DETECTED: getLastChild in class Node
JSNI CONVERTED: getLastChild with JSNI body
🔄 JSNIAdapter: Found native method, letting transpiler handle conversion: getNextSibling
JSNI DETECTED: getNextSibling in class Node
JSNI CONVERTED: getNextSibling with JSNI body
🔄 JSNIAdapter: Found native method, letting transpiler handle conversion: getNodeName
JSNI DETECTED: getNodeName in class Node
JSNI CONVERTED: getNodeName with JSNI body
🔄 JSNIAdapter: Found native method, letting transpiler handle conversion: getNodeType
JSNI DETECTED: getNodeType in class Node
JSNI CONVERTED: getNodeType with JSNI body
🔄 JSNIAdapter: Found native method, letting transpiler handle conversion: getNodeValue
JSNI DETECTED: getNodeValue in class Node
JSNI CONVERTED: getNodeValue with JSNI body
🔄 JSNIAdapter: Found native method, letting transpiler handle conversion: getOwnerDocument
JSNI DETECTED: getOwnerDocument in class Node
JSNI CONVERTED: getOwnerDocument with JSNI body
🔄 JSNIAdapter: Found native method, letting transpiler handle conversion: getParentNode
JSNI DETECTED: getParentNode in class Node
JSNI CONVERTED: getParentNode with JSNI body
🔄 JSNIAdapter: Found native method, letting transpiler handle conversion: getPreviousSibling
JSNI DETECTED: getPreviousSibling in class Node
JSNI CONVERTED: getPreviousSibling with JSNI body
🔄 JSNIAdapter: Found native method, letting transpiler handle conversion: hasChildNodes
JSNI DETECTED: hasChildNodes in class Node
JSNI CONVERTED: hasChildNodes with JSNI body
🔄 JSNIAdapter: Found native method, letting transpiler handle conversion: insertBefore
JSNI DETECTED: insertBefore in class Node
JSNI CONVERTED: insertBefore with JSNI body
🔄 JSNIAdapter: Found native method, letting transpiler handle conversion: removeChild
JSNI DETECTED: removeChild in class Node
JSNI CONVERTED: removeChild with JSNI body
🔄 JSNIAdapter: Found native method, letting transpiler handle conversion: removeAllChildren
JSNI DETECTED: removeAllChildren in class Node
JSNI CONVERTED: removeAllChildren with JSNI body
🔄 JSNIAdapter: Found native method, letting transpiler handle conversion: replaceChild
JSNI DETECTED: replaceChild in class Node
JSNI CONVERTED: replaceChild with JSNI body
🔄 JSNIAdapter: Found native method, letting transpiler handle conversion: setNodeValue
JSNI DETECTED: setNodeValue in class Node
JSNI CONVERTED: setNodeValue with JSNI body
🔍 JSNIAdapter: Processing JSNI comment blocks for compilation unit
✅ JSNIAdapter: Processed JSNI methods
🔄 JSNIAdapter: Found native method, letting transpiler handle conversion: toInt32
JSNI DETECTED: toInt32 in class DOMImpl
JSNI CONVERTED: toInt32 with JSNI body
🔄 JSNIAdapter: Found native method, letting transpiler handle conversion: buttonClick
JSNI DETECTED: buttonClick in class DOMImpl
JSNI CONVERTED: buttonClick with JSNI body
🔄 JSNIAdapter: Found native method, letting transpiler handle conversion: createButtonElement
JSNI DETECTED: createButtonElement in class DOMImpl
JSNI CONVERTED: createButtonElement with JSNI body
🔄 JSNIAdapter: Found native method, letting transpiler handle conversion: createCheckInputElement
JSNI DETECTED: createCheckInputElement in class DOMImpl
JSNI CONVERTED: createCheckInputElement with JSNI body
🔄 JSNIAdapter: Found native method, letting transpiler handle conversion: createElement
JSNI DETECTED: createElement in class DOMImpl
JSNI CONVERTED: createElement with JSNI body
🔄 JSNIAdapter: Found native method, letting transpiler handle conversion: createInputElement
JSNI DETECTED: createInputElement in class DOMImpl
JSNI CONVERTED: createInputElement with JSNI body
🔄 JSNIAdapter: Found native method, letting transpiler handle conversion: cssClearOpacity
JSNI DETECTED: cssClearOpacity in class DOMImpl
JSNI CONVERTED: cssClearOpacity with JSNI body
🔄 JSNIAdapter: Found native method, letting transpiler handle conversion: cssSetOpacity
JSNI DETECTED: cssSetOpacity in class DOMImpl
JSNI CONVERTED: cssSetOpacity with JSNI body
🔄 JSNIAdapter: Found native method, letting transpiler handle conversion: eventGetAltKey
JSNI DETECTED: eventGetAltKey in class DOMImpl
JSNI CONVERTED: eventGetAltKey with JSNI body
🔄 JSNIAdapter: Found native method, letting transpiler handle conversion: eventGetButton
JSNI DETECTED: eventGetButton in class DOMImpl
JSNI CONVERTED: eventGetButton with JSNI body
🔄 JSNIAdapter: Found native method, letting transpiler handle conversion: eventGetCtrlKey
JSNI DETECTED: eventGetCtrlKey in class DOMImpl
JSNI CONVERTED: eventGetCtrlKey with JSNI body
🔄 JSNIAdapter: Found native method, letting transpiler handle conversion: eventGetCurrentTarget
JSNI DETECTED: eventGetCurrentTarget in class DOMImpl
JSNI CONVERTED: eventGetCurrentTarget with JSNI body
🔄 JSNIAdapter: Found native method, letting transpiler handle conversion: eventGetKeyCode
JSNI DETECTED: eventGetKeyCode in class DOMImpl
JSNI CONVERTED: eventGetKeyCode with JSNI body
🔄 JSNIAdapter: Found native method, letting transpiler handle conversion: eventGetMetaKey
JSNI DETECTED: eventGetMetaKey in class DOMImpl
JSNI CONVERTED: eventGetMetaKey with JSNI body
🔄 JSNIAdapter: Found native method, letting transpiler handle conversion: eventGetRotation
JSNI DETECTED: eventGetRotation in class DOMImpl
JSNI CONVERTED: eventGetRotation with JSNI body
🔄 JSNIAdapter: Found native method, letting transpiler handle conversion: eventGetScale
JSNI DETECTED: eventGetScale in class DOMImpl
JSNI CONVERTED: eventGetScale with JSNI body
🔄 JSNIAdapter: Found native method, letting transpiler handle conversion: eventGetShiftKey
JSNI DETECTED: eventGetShiftKey in class DOMImpl
JSNI CONVERTED: eventGetShiftKey with JSNI body
🔄 JSNIAdapter: Found native method, letting transpiler handle conversion: eventGetType
JSNI DETECTED: eventGetType in class DOMImpl
JSNI CONVERTED: eventGetType with JSNI body
🔄 JSNIAdapter: Found native method, letting transpiler handle conversion: eventSetKeyCode
JSNI DETECTED: eventSetKeyCode in class DOMImpl
JSNI CONVERTED: eventSetKeyCode with JSNI body
🔄 JSNIAdapter: Found native method, letting transpiler handle conversion: eventStopPropagation
JSNI DETECTED: eventStopPropagation in class DOMImpl
JSNI CONVERTED: eventStopPropagation with JSNI body
🔄 JSNIAdapter: Found native method, letting transpiler handle conversion: getAttribute
JSNI DETECTED: getAttribute in class DOMImpl
JSNI CONVERTED: getAttribute with JSNI body
🔄 JSNIAdapter: Found native method, letting transpiler handle conversion: getBodyOffsetLeft
JSNI DETECTED: getBodyOffsetLeft in class DOMImpl
JSNI CONVERTED: getBodyOffsetLeft with JSNI body
🔄 JSNIAdapter: Found native method, letting transpiler handle conversion: getBodyOffsetTop
JSNI DETECTED: getBodyOffsetTop in class DOMImpl
JSNI CONVERTED: getBodyOffsetTop with JSNI body
🔄 JSNIAdapter: Found native method, letting transpiler handle conversion: getChangedTouches
JSNI DETECTED: getChangedTouches in class DOMImpl
JSNI CONVERTED: getChangedTouches with JSNI body
🔄 JSNIAdapter: Found native method, letting transpiler handle conversion: getFirstChildElement
JSNI DETECTED: getFirstChildElement in class DOMImpl
JSNI CONVERTED: getFirstChildElement with JSNI body
🔄 JSNIAdapter: Found native method, letting transpiler handle conversion: getInnerHTML
JSNI DETECTED: getInnerHTML in class DOMImpl
JSNI CONVERTED: getInnerHTML with JSNI body
🔄 JSNIAdapter: Found native method, letting transpiler handle conversion: getInnerText
JSNI DETECTED: getInnerText in class DOMImpl
JSNI CONVERTED: getInnerText with JSNI body
🔄 JSNIAdapter: Found native method, letting transpiler handle conversion: getNextSiblingElement
JSNI DETECTED: getNextSiblingElement in class DOMImpl
JSNI CONVERTED: getNextSiblingElement with JSNI body
🔄 JSNIAdapter: Found native method, letting transpiler handle conversion: getNodeType
JSNI DETECTED: getNodeType in class DOMImpl
JSNI CONVERTED: getNodeType with JSNI body
🔄 JSNIAdapter: Found native method, letting transpiler handle conversion: getParentElement
JSNI DETECTED: getParentElement in class DOMImpl
JSNI CONVERTED: getParentElement with JSNI body
🔄 JSNIAdapter: Found native method, letting transpiler handle conversion: getPreviousSiblingElement
JSNI DETECTED: getPreviousSiblingElement in class DOMImpl
JSNI CONVERTED: getPreviousSiblingElement with JSNI body
🔄 JSNIAdapter: Found native method, letting transpiler handle conversion: getStyleProperty
JSNI DETECTED: getStyleProperty in class DOMImpl
JSNI CONVERTED: getStyleProperty with JSNI body
🔄 JSNIAdapter: Found native method, letting transpiler handle conversion: getTabIndex
JSNI DETECTED: getTabIndex in class DOMImpl
JSNI CONVERTED: getTabIndex with JSNI body
🔄 JSNIAdapter: Found native method, letting transpiler handle conversion: getTagName
JSNI DETECTED: getTagName in class DOMImpl
JSNI CONVERTED: getTagName with JSNI body
🔄 JSNIAdapter: Found native method, letting transpiler handle conversion: getTargetTouches
JSNI DETECTED: getTargetTouches in class DOMImpl
JSNI CONVERTED: getTargetTouches with JSNI body
🔄 JSNIAdapter: Found native method, letting transpiler handle conversion: getTouches
JSNI DETECTED: getTouches in class DOMImpl
JSNI CONVERTED: getTouches with JSNI body
🔄 JSNIAdapter: Found native method, letting transpiler handle conversion: hasAttribute
JSNI DETECTED: hasAttribute in class DOMImpl
JSNI CONVERTED: hasAttribute with JSNI body
🔄 JSNIAdapter: Found native method, letting transpiler handle conversion: scrollIntoView
JSNI DETECTED: scrollIntoView in class DOMImpl
JSNI CONVERTED: scrollIntoView with JSNI body
🔄 JSNIAdapter: Found native method, letting transpiler handle conversion: selectAdd
[ERROR] method 'selectAdd' cannot be native
  at /Users/ed.eustace/dev/github.com/ed-eustace/jsweet/gwt-to-ts-test/gwt-2.11.0/user/src/com/google/gwt/dom/client/DOMImpl.java(342,3)
🔄 JSNIAdapter: Found native method, letting transpiler handle conversion: selectClear
JSNI DETECTED: selectClear in class DOMImpl
JSNI CONVERTED: selectClear with JSNI body
🔄 JSNIAdapter: Found native method, letting transpiler handle conversion: selectGetLength
JSNI DETECTED: selectGetLength in class DOMImpl
JSNI CONVERTED: selectGetLength with JSNI body
🔄 JSNIAdapter: Found native method, letting transpiler handle conversion: selectGetOptions
JSNI DETECTED: selectGetOptions in class DOMImpl
JSNI CONVERTED: selectGetOptions with JSNI body
🔄 JSNIAdapter: Found native method, letting transpiler handle conversion: selectRemoveOption
JSNI DETECTED: selectRemoveOption in class DOMImpl
JSNI CONVERTED: selectRemoveOption with JSNI body
🔄 JSNIAdapter: Found native method, letting transpiler handle conversion: setDraggable
JSNI DETECTED: setDraggable in class DOMImpl
JSNI CONVERTED: setDraggable with JSNI body
🔄 JSNIAdapter: Found native method, letting transpiler handle conversion: setInnerText
JSNI DETECTED: setInnerText in class DOMImpl
JSNI CONVERTED: setInnerText with JSNI body
🔄 JSNIAdapter: Found native method, letting transpiler handle conversion: setScrollLeft
JSNI DETECTED: setScrollLeft in class DOMImpl
JSNI CONVERTED: setScrollLeft with JSNI body
🔄 JSNIAdapter: Found native method, letting transpiler handle conversion: toString
JSNI DETECTED: toString in class DOMImpl
JSNI CONVERTED: toString with JSNI body
🔄 JSNIAdapter: Found native method, letting transpiler handle conversion: touchGetIdentifier
JSNI DETECTED: touchGetIdentifier in class DOMImpl
JSNI CONVERTED: touchGetIdentifier with JSNI body
🔄 JSNIAdapter: Found native method, letting transpiler handle conversion: touchGetTarget
JSNI DETECTED: touchGetTarget in class DOMImpl
JSNI CONVERTED: touchGetTarget with JSNI body
🔄 JSNIAdapter: Found native method, letting transpiler handle conversion: getSubPixelAbsoluteLeft
JSNI DETECTED: getSubPixelAbsoluteLeft in class DOMImpl
JSNI CONVERTED: getSubPixelAbsoluteLeft with JSNI body
🔄 JSNIAdapter: Found native method, letting transpiler handle conversion: getSubPixelAbsoluteTop
JSNI DETECTED: getSubPixelAbsoluteTop in class DOMImpl
JSNI CONVERTED: getSubPixelAbsoluteTop with JSNI body
🔄 JSNIAdapter: Found native method, letting transpiler handle conversion: eventGetSubPixelScreenX
JSNI DETECTED: eventGetSubPixelScreenX in class DOMImpl
JSNI CONVERTED: eventGetSubPixelScreenX with JSNI body
🔄 JSNIAdapter: Found native method, letting transpiler handle conversion: eventGetSubPixelScreenY
JSNI DETECTED: eventGetSubPixelScreenY in class DOMImpl
JSNI CONVERTED: eventGetSubPixelScreenY with JSNI body
🔄 JSNIAdapter: Found native method, letting transpiler handle conversion: getSubPixelScrollLeft
JSNI DETECTED: getSubPixelScrollLeft in class DOMImpl
JSNI CONVERTED: getSubPixelScrollLeft with JSNI body
🔄 JSNIAdapter: Found native method, letting transpiler handle conversion: touchGetSubPixelClientX
JSNI DETECTED: touchGetSubPixelClientX in class DOMImpl
JSNI CONVERTED: touchGetSubPixelClientX with JSNI body
🔄 JSNIAdapter: Found native method, letting transpiler handle conversion: touchGetSubPixelClientY
JSNI DETECTED: touchGetSubPixelClientY in class DOMImpl
JSNI CONVERTED: touchGetSubPixelClientY with JSNI body
🔄 JSNIAdapter: Found native method, letting transpiler handle conversion: touchGetSubPixelPageX
JSNI DETECTED: touchGetSubPixelPageX in class DOMImpl
JSNI CONVERTED: touchGetSubPixelPageX with JSNI body
🔄 JSNIAdapter: Found native method, letting transpiler handle conversion: touchGetSubPixelPageY
JSNI DETECTED: touchGetSubPixelPageY in class DOMImpl
JSNI CONVERTED: touchGetSubPixelPageY with JSNI body
🔄 JSNIAdapter: Found native method, letting transpiler handle conversion: touchGetSubPixelScreenX
JSNI DETECTED: touchGetSubPixelScreenX in class DOMImpl
JSNI CONVERTED: touchGetSubPixelScreenX with JSNI body
🔄 JSNIAdapter: Found native method, letting transpiler handle conversion: touchGetSubPixelScreenY
JSNI DETECTED: touchGetSubPixelScreenY in class DOMImpl
JSNI CONVERTED: touchGetSubPixelScreenY with JSNI body
🔄 JSNIAdapter: Found native method, letting transpiler handle conversion: eventGetSubPixelClientX
JSNI DETECTED: eventGetSubPixelClientX in class DOMImpl
JSNI CONVERTED: eventGetSubPixelClientX with JSNI body
🔄 JSNIAdapter: Found native method, letting transpiler handle conversion: eventGetSubPixelClientY
JSNI DETECTED: eventGetSubPixelClientY in class DOMImpl
JSNI CONVERTED: eventGetSubPixelClientY with JSNI body
🔍 JSNIAdapter: Processing JSNI comment blocks for compilation unit
✅ JSNIAdapter: Processed JSNI methods
🔄 JSNIAdapter: Found native method, letting transpiler handle conversion: getCite
JSNI DETECTED: getCite in class QuoteElement
JSNI CONVERTED: getCite with JSNI body
🔄 JSNIAdapter: Found native method, letting transpiler handle conversion: setCite
JSNI DETECTED: setCite in class QuoteElement
JSNI CONVERTED: setCite with JSNI body
🔍 JSNIAdapter: Processing JSNI comment blocks for compilation unit
✅ JSNIAdapter: Processed JSNI methods
🔄 JSNIAdapter: Found native method, letting transpiler handle conversion: canPlayType
JSNI DETECTED: canPlayType in class MediaElement
JSNI CONVERTED: canPlayType with JSNI body
🔄 JSNIAdapter: Found native method, letting transpiler handle conversion: getBuffered
JSNI DETECTED: getBuffered in class MediaElement
JSNI CONVERTED: getBuffered with JSNI body
🔄 JSNIAdapter: Found native method, letting transpiler handle conversion: getCurrentSrc
JSNI DETECTED: getCurrentSrc in class MediaElement
JSNI CONVERTED: getCurrentSrc with JSNI body
🔄 JSNIAdapter: Found native method, letting transpiler handle conversion: getCurrentTime
JSNI DETECTED: getCurrentTime in class MediaElement
JSNI CONVERTED: getCurrentTime with JSNI body
🔄 JSNIAdapter: Found native method, letting transpiler handle conversion: getDuration
JSNI DETECTED: getDuration in class MediaElement
JSNI CONVERTED: getDuration with JSNI body
🔄 JSNIAdapter: Found native method, letting transpiler handle conversion: getError
JSNI DETECTED: getError in class MediaElement
JSNI CONVERTED: getError with JSNI body
🔄 JSNIAdapter: Found native method, letting transpiler handle conversion: getNetworkState
JSNI DETECTED: getNetworkState in class MediaElement
JSNI CONVERTED: getNetworkState with JSNI body
🔄 JSNIAdapter: Found native method, letting transpiler handle conversion: getPlaybackRate
JSNI DETECTED: getPlaybackRate in class MediaElement
JSNI CONVERTED: getPlaybackRate with JSNI body
🔄 JSNIAdapter: Found native method, letting transpiler handle conversion: getPlayed
JSNI DETECTED: getPlayed in class MediaElement
JSNI CONVERTED: getPlayed with JSNI body
🔄 JSNIAdapter: Found native method, letting transpiler handle conversion: getPreload
JSNI DETECTED: getPreload in class MediaElement
JSNI CONVERTED: getPreload with JSNI body
🔄 JSNIAdapter: Found native method, letting transpiler handle conversion: getReadyState
JSNI DETECTED: getReadyState in class MediaElement
JSNI CONVERTED: getReadyState with JSNI body
🔄 JSNIAdapter: Found native method, letting transpiler handle conversion: getSeekable
JSNI DETECTED: getSeekable in class MediaElement
JSNI CONVERTED: getSeekable with JSNI body
🔄 JSNIAdapter: Found native method, letting transpiler handle conversion: getSrc
JSNI DETECTED: getSrc in class MediaElement
JSNI CONVERTED: getSrc with JSNI body
🔄 JSNIAdapter: Found native method, letting transpiler handle conversion: getVolume
JSNI DETECTED: getVolume in class MediaElement
JSNI CONVERTED: getVolume with JSNI body
🔄 JSNIAdapter: Found native method, letting transpiler handle conversion: hasControls
JSNI DETECTED: hasControls in class MediaElement
JSNI CONVERTED: hasControls with JSNI body
🔄 JSNIAdapter: Found native method, letting transpiler handle conversion: hasEnded
JSNI DETECTED: hasEnded in class MediaElement
JSNI CONVERTED: hasEnded with JSNI body
🔄 JSNIAdapter: Found native method, letting transpiler handle conversion: isAutoplay
JSNI DETECTED: isAutoplay in class MediaElement
JSNI CONVERTED: isAutoplay with JSNI body
🔄 JSNIAdapter: Found native method, letting transpiler handle conversion: isLoop
JSNI DETECTED: isLoop in class MediaElement
JSNI CONVERTED: isLoop with JSNI body
🔄 JSNIAdapter: Found native method, letting transpiler handle conversion: isMuted
JSNI DETECTED: isMuted in class MediaElement
JSNI CONVERTED: isMuted with JSNI body
🔄 JSNIAdapter: Found native method, letting transpiler handle conversion: isPaused
JSNI DETECTED: isPaused in class MediaElement
JSNI CONVERTED: isPaused with JSNI body
🔄 JSNIAdapter: Found native method, letting transpiler handle conversion: isSeeking
JSNI DETECTED: isSeeking in class MediaElement
JSNI CONVERTED: isSeeking with JSNI body
🔄 JSNIAdapter: Found native method, letting transpiler handle conversion: load
JSNI DETECTED: load in class MediaElement
JSNI CONVERTED: load with JSNI body
🔄 JSNIAdapter: Found native method, letting transpiler handle conversion: pause
JSNI DETECTED: pause in class MediaElement
JSNI CONVERTED: pause with JSNI body
🔄 JSNIAdapter: Found native method, letting transpiler handle conversion: play
JSNI DETECTED: play in class MediaElement
JSNI CONVERTED: play with JSNI body
🔄 JSNIAdapter: Found native method, letting transpiler handle conversion: setCurrentTime
JSNI DETECTED: setCurrentTime in class MediaElement
JSNI CONVERTED: setCurrentTime with JSNI body
🔄 JSNIAdapter: Found native method, letting transpiler handle conversion: setDefaultPlaybackRate
JSNI DETECTED: setDefaultPlaybackRate in class MediaElement
JSNI CONVERTED: setDefaultPlaybackRate with JSNI body
🔄 JSNIAdapter: Found native method, letting transpiler handle conversion: setMuted
JSNI DETECTED: setMuted in class MediaElement
JSNI CONVERTED: setMuted with JSNI body
🔄 JSNIAdapter: Found native method, letting transpiler handle conversion: setPlaybackRate
JSNI DETECTED: setPlaybackRate in class MediaElement
JSNI CONVERTED: setPlaybackRate with JSNI body
🔄 JSNIAdapter: Found native method, letting transpiler handle conversion: setPreload
JSNI DETECTED: setPreload in class MediaElement
JSNI CONVERTED: setPreload with JSNI body
🔄 JSNIAdapter: Found native method, letting transpiler handle conversion: setSrc
JSNI DETECTED: setSrc in class MediaElement
JSNI CONVERTED: setSrc with JSNI body
🔄 JSNIAdapter: Found native method, letting transpiler handle conversion: setVolume
JSNI DETECTED: setVolume in class MediaElement
JSNI CONVERTED: setVolume with JSNI body
🔄 JSNIAdapter: Found native method, letting transpiler handle conversion: getDoubleAttr
JSNI DETECTED: getDoubleAttr in class MediaElement
JSNI CONVERTED: getDoubleAttr with JSNI body
🔍 JSNIAdapter: Processing JSNI comment blocks for compilation unit
✅ JSNIAdapter: Processed JSNI methods
🔄 JSNIAdapter: Found native method, letting transpiler handle conversion: getNativeGeckoVersion
JSNI DETECTED: getNativeGeckoVersion in class DOMImplMozilla
JSNI CONVERTED: getNativeGeckoVersion with JSNI body
🔄 JSNIAdapter: Found native method, letting transpiler handle conversion: buttonClick
JSNI DETECTED: buttonClick in class DOMImplMozilla
JSNI CONVERTED: buttonClick with JSNI body
🔄 JSNIAdapter: Found native method, letting transpiler handle conversion: eventGetMouseWheelVelocityY
JSNI DETECTED: eventGetMouseWheelVelocityY in class DOMImplMozilla
JSNI CONVERTED: eventGetMouseWheelVelocityY with JSNI body
🔄 JSNIAdapter: Found native method, letting transpiler handle conversion: eventGetRelatedTarget
JSNI DETECTED: eventGetRelatedTarget in class DOMImplMozilla
JSNI CONVERTED: eventGetRelatedTarget with JSNI body
🔄 JSNIAdapter: Found native method, letting transpiler handle conversion: getBodyOffsetLeft
JSNI DETECTED: getBodyOffsetLeft in class DOMImplMozilla
JSNI CONVERTED: getBodyOffsetLeft with JSNI body
🔄 JSNIAdapter: Found native method, letting transpiler handle conversion: getBodyOffsetTop
JSNI DETECTED: getBodyOffsetTop in class DOMImplMozilla
JSNI CONVERTED: getBodyOffsetTop with JSNI body
🔄 JSNIAdapter: Found native method, letting transpiler handle conversion: getNodeType
JSNI DETECTED: getNodeType in class DOMImplMozilla
JSNI CONVERTED: getNodeType with JSNI body
🔄 JSNIAdapter: Found native method, letting transpiler handle conversion: isOrHasChild
JSNI DETECTED: isOrHasChild in class DOMImplMozilla
JSNI CONVERTED: isOrHasChild with JSNI body
🔄 JSNIAdapter: Found native method, letting transpiler handle conversion: toString
JSNI DETECTED: toString in class DOMImplMozilla
JSNI CONVERTED: toString with JSNI body
🔄 JSNIAdapter: Found native method, letting transpiler handle conversion: createKeyEventImpl
[ERROR] method 'createKeyEventImpl' cannot be native
  at /Users/ed.eustace/dev/github.com/ed-eustace/jsweet/gwt-to-ts-test/gwt-2.11.0/user/src/com/google/gwt/dom/client/DOMImplMozilla.java(233,3)
🔄 JSNIAdapter: Found native method, letting transpiler handle conversion: getAbsoluteLeftImpl
JSNI DETECTED: getAbsoluteLeftImpl in class DOMImplMozilla
JSNI CONVERTED: getAbsoluteLeftImpl with JSNI body
🔄 JSNIAdapter: Found native method, letting transpiler handle conversion: getAbsoluteTopImpl
JSNI DETECTED: getAbsoluteTopImpl in class DOMImplMozilla
JSNI CONVERTED: getAbsoluteTopImpl with JSNI body
🔄 JSNIAdapter: Found native method, letting transpiler handle conversion: isRTL
JSNI DETECTED: isRTL in class DOMImplMozilla
JSNI CONVERTED: isRTL with JSNI body
🔍 JSNIAdapter: Processing JSNI comment blocks for compilation unit
✅ JSNIAdapter: Processed JSNI methods
🔄 JSNIAdapter: Found native method, letting transpiler handle conversion: getText
JSNI DETECTED: getText in class TitleElement
JSNI CONVERTED: getText with JSNI body
🔄 JSNIAdapter: Found native method, letting transpiler handle conversion: setText
JSNI DETECTED: setText in class TitleElement
JSNI CONVERTED: setText with JSNI body
🔍 JSNIAdapter: Processing JSNI comment blocks for compilation unit
✅ JSNIAdapter: Processed JSNI methods
🔄 JSNIAdapter: Found native method, letting transpiler handle conversion: getDataTransfer
JSNI DETECTED: getDataTransfer in class NativeEvent
JSNI CONVERTED: getDataTransfer with JSNI body
🔍 JSNIAdapter: Processing JSNI comment blocks for compilation unit
✅ JSNIAdapter: Processed JSNI methods
🔄 JSNIAdapter: Found native method, letting transpiler handle conversion: getItem
JSNI DETECTED: getItem in class NodeCollection
JSNI CONVERTED: getItem with JSNI body
🔄 JSNIAdapter: Found native method, letting transpiler handle conversion: getLength
JSNI DETECTED: getLength in class NodeCollection
JSNI CONVERTED: getLength with JSNI body
🔄 JSNIAdapter: Found native method, letting transpiler handle conversion: getNamedItem
JSNI DETECTED: getNamedItem in class NodeCollection
JSNI CONVERTED: getNamedItem with JSNI body
🔍 JSNIAdapter: Processing JSNI comment blocks for compilation unit
✅ JSNIAdapter: Processed JSNI methods
🔄 JSNIAdapter: Found native method, letting transpiler handle conversion: deleteCell
JSNI DETECTED: deleteCell in class TableRowElement
JSNI CONVERTED: deleteCell with JSNI body
🔄 JSNIAdapter: Found native method, letting transpiler handle conversion: getAlign
JSNI DETECTED: getAlign in class TableRowElement
JSNI CONVERTED: getAlign with JSNI body
🔄 JSNIAdapter: Found native method, letting transpiler handle conversion: getCells
JSNI DETECTED: getCells in class TableRowElement
JSNI CONVERTED: getCells with JSNI body
🔄 JSNIAdapter: Found native method, letting transpiler handle conversion: getCh
JSNI DETECTED: getCh in class TableRowElement
JSNI CONVERTED: getCh with JSNI body
🔄 JSNIAdapter: Found native method, letting transpiler handle conversion: getChOff
JSNI DETECTED: getChOff in class TableRowElement
JSNI CONVERTED: getChOff with JSNI body
🔄 JSNIAdapter: Found native method, letting transpiler handle conversion: getRowIndex
JSNI DETECTED: getRowIndex in class TableRowElement
JSNI CONVERTED: getRowIndex with JSNI body
🔄 JSNIAdapter: Found native method, letting transpiler handle conversion: getSectionRowIndex
JSNI DETECTED: getSectionRowIndex in class TableRowElement
JSNI CONVERTED: getSectionRowIndex with JSNI body
🔄 JSNIAdapter: Found native method, letting transpiler handle conversion: getVAlign
JSNI DETECTED: getVAlign in class TableRowElement
JSNI CONVERTED: getVAlign with JSNI body
🔄 JSNIAdapter: Found native method, letting transpiler handle conversion: insertCell
JSNI DETECTED: insertCell in class TableRowElement
JSNI CONVERTED: insertCell with JSNI body
🔄 JSNIAdapter: Found native method, letting transpiler handle conversion: setAlign
JSNI DETECTED: setAlign in class TableRowElement
JSNI CONVERTED: setAlign with JSNI body
🔄 JSNIAdapter: Found native method, letting transpiler handle conversion: setCh
JSNI DETECTED: setCh in class TableRowElement
JSNI CONVERTED: setCh with JSNI body
🔄 JSNIAdapter: Found native method, letting transpiler handle conversion: setChOff
JSNI DETECTED: setChOff in class TableRowElement
JSNI CONVERTED: setChOff with JSNI body
🔄 JSNIAdapter: Found native method, letting transpiler handle conversion: setVAlign
JSNI DETECTED: setVAlign in class TableRowElement
JSNI CONVERTED: setVAlign with JSNI body
🔍 JSNIAdapter: Processing JSNI comment blocks for compilation unit
✅ JSNIAdapter: Processed JSNI methods
🔄 JSNIAdapter: Found native method, letting transpiler handle conversion: createCaption
JSNI DETECTED: createCaption in class TableElement
JSNI CONVERTED: createCaption with JSNI body
🔄 JSNIAdapter: Found native method, letting transpiler handle conversion: createTFoot
JSNI DETECTED: createTFoot in class TableElement
JSNI CONVERTED: createTFoot with JSNI body
🔄 JSNIAdapter: Found native method, letting transpiler handle conversion: createTHead
JSNI DETECTED: createTHead in class TableElement
JSNI CONVERTED: createTHead with JSNI body
🔄 JSNIAdapter: Found native method, letting transpiler handle conversion: deleteCaption
JSNI DETECTED: deleteCaption in class TableElement
JSNI CONVERTED: deleteCaption with JSNI body
🔄 JSNIAdapter: Found native method, letting transpiler handle conversion: deleteRow
JSNI DETECTED: deleteRow in class TableElement
JSNI CONVERTED: deleteRow with JSNI body
🔄 JSNIAdapter: Found native method, letting transpiler handle conversion: deleteTFoot
JSNI DETECTED: deleteTFoot in class TableElement
JSNI CONVERTED: deleteTFoot with JSNI body
🔄 JSNIAdapter: Found native method, letting transpiler handle conversion: deleteTHead
JSNI DETECTED: deleteTHead in class TableElement
JSNI CONVERTED: deleteTHead with JSNI body
🔄 JSNIAdapter: Found native method, letting transpiler handle conversion: getBorder
JSNI DETECTED: getBorder in class TableElement
JSNI CONVERTED: getBorder with JSNI body
🔄 JSNIAdapter: Found native method, letting transpiler handle conversion: getCaption
JSNI DETECTED: getCaption in class TableElement
JSNI CONVERTED: getCaption with JSNI body
🔄 JSNIAdapter: Found native method, letting transpiler handle conversion: getCellPadding
JSNI DETECTED: getCellPadding in class TableElement
JSNI CONVERTED: getCellPadding with JSNI body
🔄 JSNIAdapter: Found native method, letting transpiler handle conversion: getCellSpacing
JSNI DETECTED: getCellSpacing in class TableElement
JSNI CONVERTED: getCellSpacing with JSNI body
🔄 JSNIAdapter: Found native method, letting transpiler handle conversion: getFrame
JSNI DETECTED: getFrame in class TableElement
JSNI CONVERTED: getFrame with JSNI body
🔄 JSNIAdapter: Found native method, letting transpiler handle conversion: getRows
JSNI DETECTED: getRows in class TableElement
JSNI CONVERTED: getRows with JSNI body
🔄 JSNIAdapter: Found native method, letting transpiler handle conversion: getRules
JSNI DETECTED: getRules in class TableElement
JSNI CONVERTED: getRules with JSNI body
🔄 JSNIAdapter: Found native method, letting transpiler handle conversion: getTBodies
JSNI DETECTED: getTBodies in class TableElement
JSNI CONVERTED: getTBodies with JSNI body
🔄 JSNIAdapter: Found native method, letting transpiler handle conversion: getTFoot
JSNI DETECTED: getTFoot in class TableElement
JSNI CONVERTED: getTFoot with JSNI body
🔄 JSNIAdapter: Found native method, letting transpiler handle conversion: getTHead
JSNI DETECTED: getTHead in class TableElement
JSNI CONVERTED: getTHead with JSNI body
🔄 JSNIAdapter: Found native method, letting transpiler handle conversion: getWidth
JSNI DETECTED: getWidth in class TableElement
JSNI CONVERTED: getWidth with JSNI body
🔄 JSNIAdapter: Found native method, letting transpiler handle conversion: insertRow
JSNI DETECTED: insertRow in class TableElement
JSNI CONVERTED: insertRow with JSNI body
🔄 JSNIAdapter: Found native method, letting transpiler handle conversion: setBorder
JSNI DETECTED: setBorder in class TableElement
JSNI CONVERTED: setBorder with JSNI body
🔄 JSNIAdapter: Found native method, letting transpiler handle conversion: setCaption
JSNI DETECTED: setCaption in class TableElement
JSNI CONVERTED: setCaption with JSNI body
🔄 JSNIAdapter: Found native method, letting transpiler handle conversion: setCellPadding
JSNI DETECTED: setCellPadding in class TableElement
JSNI CONVERTED: setCellPadding with JSNI body
🔄 JSNIAdapter: Found native method, letting transpiler handle conversion: setCellSpacing
JSNI DETECTED: setCellSpacing in class TableElement
JSNI CONVERTED: setCellSpacing with JSNI body
🔄 JSNIAdapter: Found native method, letting transpiler handle conversion: setFrame
JSNI DETECTED: setFrame in class TableElement
JSNI CONVERTED: setFrame with JSNI body
🔄 JSNIAdapter: Found native method, letting transpiler handle conversion: setRules
JSNI DETECTED: setRules in class TableElement
JSNI CONVERTED: setRules with JSNI body
🔄 JSNIAdapter: Found native method, letting transpiler handle conversion: setTFoot
JSNI DETECTED: setTFoot in class TableElement
JSNI CONVERTED: setTFoot with JSNI body
🔄 JSNIAdapter: Found native method, letting transpiler handle conversion: setTHead
JSNI DETECTED: setTHead in class TableElement
JSNI CONVERTED: setTHead with JSNI body
🔄 JSNIAdapter: Found native method, letting transpiler handle conversion: setWidth
JSNI DETECTED: setWidth in class TableElement
JSNI CONVERTED: setWidth with JSNI body
🔍 JSNIAdapter: Processing JSNI comment blocks for compilation unit
✅ JSNIAdapter: Processed JSNI methods
🔄 JSNIAdapter: Found native method, letting transpiler handle conversion: nativeGet
JSNI DETECTED: nativeGet in class Document
JSNI CONVERTED: nativeGet with JSNI body
🔄 JSNIAdapter: Found native method, letting transpiler handle conversion: createTextNode
JSNI DETECTED: createTextNode in class Document
JSNI CONVERTED: createTextNode with JSNI body
🔄 JSNIAdapter: Found native method, letting transpiler handle conversion: createUniqueId
JSNI DETECTED: createUniqueId in class Document
JSNI CONVERTED: createUniqueId with JSNI body
🔄 JSNIAdapter: Found native method, letting transpiler handle conversion: getBody
JSNI DETECTED: getBody in class Document
JSNI CONVERTED: getBody with JSNI body
🔄 JSNIAdapter: Found native method, letting transpiler handle conversion: getCompatMode
JSNI DETECTED: getCompatMode in class Document
JSNI CONVERTED: getCompatMode with JSNI body
🔄 JSNIAdapter: Found native method, letting transpiler handle conversion: getDocumentElement
JSNI DETECTED: getDocumentElement in class Document
JSNI CONVERTED: getDocumentElement with JSNI body
🔄 JSNIAdapter: Found native method, letting transpiler handle conversion: getDomain
JSNI DETECTED: getDomain in class Document
JSNI CONVERTED: getDomain with JSNI body
🔄 JSNIAdapter: Found native method, letting transpiler handle conversion: getElementById
JSNI DETECTED: getElementById in class Document
JSNI CONVERTED: getElementById with JSNI body
🔄 JSNIAdapter: Found native method, letting transpiler handle conversion: getElementsByTagName
JSNI DETECTED: getElementsByTagName in class Document
JSNI CONVERTED: getElementsByTagName with JSNI body
🔄 JSNIAdapter: Found native method, letting transpiler handle conversion: getHead
JSNI DETECTED: getHead in class Document
JSNI CONVERTED: getHead with JSNI body
🔄 JSNIAdapter: Found native method, letting transpiler handle conversion: getReferrer
JSNI DETECTED: getReferrer in class Document
JSNI CONVERTED: getReferrer with JSNI body
🔄 JSNIAdapter: Found native method, letting transpiler handle conversion: getTitle
JSNI DETECTED: getTitle in class Document
JSNI CONVERTED: getTitle with JSNI body
🔄 JSNIAdapter: Found native method, letting transpiler handle conversion: getURL
JSNI DETECTED: getURL in class Document
JSNI CONVERTED: getURL with JSNI body
🔄 JSNIAdapter: Found native method, letting transpiler handle conversion: importNode
JSNI DETECTED: importNode in class Document
JSNI CONVERTED: importNode with JSNI body
🔄 JSNIAdapter: Found native method, letting transpiler handle conversion: setTitle
JSNI DETECTED: setTitle in class Document
JSNI CONVERTED: setTitle with JSNI body
🔍 JSNIAdapter: Processing JSNI comment blocks for compilation unit
✅ JSNIAdapter: Processed JSNI methods
🔄 JSNIAdapter: Found native method, letting transpiler handle conversion: getForm
JSNI DETECTED: getForm in class OptionElement
JSNI CONVERTED: getForm with JSNI body
🔄 JSNIAdapter: Found native method, letting transpiler handle conversion: getIndex
JSNI DETECTED: getIndex in class OptionElement
JSNI CONVERTED: getIndex with JSNI body
🔄 JSNIAdapter: Found native method, letting transpiler handle conversion: getLabel
JSNI DETECTED: getLabel in class OptionElement
JSNI CONVERTED: getLabel with JSNI body
🔄 JSNIAdapter: Found native method, letting transpiler handle conversion: getText
JSNI DETECTED: getText in class OptionElement
JSNI CONVERTED: getText with JSNI body
🔄 JSNIAdapter: Found native method, letting transpiler handle conversion: getValue
JSNI DETECTED: getValue in class OptionElement
JSNI CONVERTED: getValue with JSNI body
🔄 JSNIAdapter: Found native method, letting transpiler handle conversion: isDefaultSelected
JSNI DETECTED: isDefaultSelected in class OptionElement
JSNI CONVERTED: isDefaultSelected with JSNI body
🔄 JSNIAdapter: Found native method, letting transpiler handle conversion: isDisabled
JSNI DETECTED: isDisabled in class OptionElement
JSNI CONVERTED: isDisabled with JSNI body
🔄 JSNIAdapter: Found native method, letting transpiler handle conversion: isSelected
JSNI DETECTED: isSelected in class OptionElement
JSNI CONVERTED: isSelected with JSNI body
🔄 JSNIAdapter: Found native method, letting transpiler handle conversion: setDefaultSelected
JSNI DETECTED: setDefaultSelected in class OptionElement
JSNI CONVERTED: setDefaultSelected with JSNI body
🔄 JSNIAdapter: Found native method, letting transpiler handle conversion: setDisabled
JSNI DETECTED: setDisabled in class OptionElement
JSNI CONVERTED: setDisabled with JSNI body
🔄 JSNIAdapter: Found native method, letting transpiler handle conversion: setLabel
JSNI DETECTED: setLabel in class OptionElement
JSNI CONVERTED: setLabel with JSNI body
🔄 JSNIAdapter: Found native method, letting transpiler handle conversion: setSelected
JSNI DETECTED: setSelected in class OptionElement
JSNI CONVERTED: setSelected with JSNI body
🔄 JSNIAdapter: Found native method, letting transpiler handle conversion: setText
JSNI DETECTED: setText in class OptionElement
JSNI CONVERTED: setText with JSNI body
🔄 JSNIAdapter: Found native method, letting transpiler handle conversion: setValue
JSNI DETECTED: setValue in class OptionElement
JSNI CONVERTED: setValue with JSNI body
🔍 JSNIAdapter: Processing JSNI comment blocks for compilation unit
✅ JSNIAdapter: Processed JSNI methods
🔄 JSNIAdapter: Found native method, letting transpiler handle conversion: getAlt
JSNI DETECTED: getAlt in class ImageElement
JSNI CONVERTED: getAlt with JSNI body
🔄 JSNIAdapter: Found native method, letting transpiler handle conversion: getHeight
JSNI DETECTED: getHeight in class ImageElement
JSNI CONVERTED: getHeight with JSNI body
🔄 JSNIAdapter: Found native method, letting transpiler handle conversion: getSrc
JSNI DETECTED: getSrc in class ImageElement
JSNI CONVERTED: getSrc with JSNI body
🔄 JSNIAdapter: Found native method, letting transpiler handle conversion: getWidth
JSNI DETECTED: getWidth in class ImageElement
JSNI CONVERTED: getWidth with JSNI body
🔄 JSNIAdapter: Found native method, letting transpiler handle conversion: isMap
JSNI DETECTED: isMap in class ImageElement
JSNI CONVERTED: isMap with JSNI body
🔄 JSNIAdapter: Found native method, letting transpiler handle conversion: setAlt
JSNI DETECTED: setAlt in class ImageElement
JSNI CONVERTED: setAlt with JSNI body
🔄 JSNIAdapter: Found native method, letting transpiler handle conversion: setHeight
JSNI DETECTED: setHeight in class ImageElement
JSNI CONVERTED: setHeight with JSNI body
🔄 JSNIAdapter: Found native method, letting transpiler handle conversion: setIsMap
JSNI DETECTED: setIsMap in class ImageElement
JSNI CONVERTED: setIsMap with JSNI body
🔄 JSNIAdapter: Found native method, letting transpiler handle conversion: setSrc
JSNI DETECTED: setSrc in class ImageElement
JSNI CONVERTED: setSrc with JSNI body
🔄 JSNIAdapter: Found native method, letting transpiler handle conversion: setUseMap
JSNI DETECTED: setUseMap in class ImageElement
JSNI CONVERTED: setUseMap with JSNI body
🔄 JSNIAdapter: Found native method, letting transpiler handle conversion: setWidth
JSNI DETECTED: setWidth in class ImageElement
JSNI CONVERTED: setWidth with JSNI body
🔄 JSNIAdapter: Found native method, letting transpiler handle conversion: useMap
JSNI DETECTED: useMap in class ImageElement
JSNI CONVERTED: useMap with JSNI body
🔍 JSNIAdapter: Processing JSNI comment blocks for compilation unit
✅ JSNIAdapter: Processed JSNI methods
🔄 JSNIAdapter: Found native method, letting transpiler handle conversion: getAlign
JSNI DETECTED: getAlign in class TableCellElement
JSNI CONVERTED: getAlign with JSNI body
🔄 JSNIAdapter: Found native method, letting transpiler handle conversion: getCellIndex
JSNI DETECTED: getCellIndex in class TableCellElement
JSNI CONVERTED: getCellIndex with JSNI body
🔄 JSNIAdapter: Found native method, letting transpiler handle conversion: getCh
JSNI DETECTED: getCh in class TableCellElement
JSNI CONVERTED: getCh with JSNI body
🔄 JSNIAdapter: Found native method, letting transpiler handle conversion: getChOff
JSNI DETECTED: getChOff in class TableCellElement
JSNI CONVERTED: getChOff with JSNI body
🔄 JSNIAdapter: Found native method, letting transpiler handle conversion: getColSpan
JSNI DETECTED: getColSpan in class TableCellElement
JSNI CONVERTED: getColSpan with JSNI body
🔄 JSNIAdapter: Found native method, letting transpiler handle conversion: getHeaders
JSNI DETECTED: getHeaders in class TableCellElement
JSNI CONVERTED: getHeaders with JSNI body
🔄 JSNIAdapter: Found native method, letting transpiler handle conversion: getRowSpan
JSNI DETECTED: getRowSpan in class TableCellElement
JSNI CONVERTED: getRowSpan with JSNI body
🔄 JSNIAdapter: Found native method, letting transpiler handle conversion: getVAlign
JSNI DETECTED: getVAlign in class TableCellElement
JSNI CONVERTED: getVAlign with JSNI body
🔄 JSNIAdapter: Found native method, letting transpiler handle conversion: setAlign
JSNI DETECTED: setAlign in class TableCellElement
JSNI CONVERTED: setAlign with JSNI body
🔄 JSNIAdapter: Found native method, letting transpiler handle conversion: setCh
JSNI DETECTED: setCh in class TableCellElement
JSNI CONVERTED: setCh with JSNI body
🔄 JSNIAdapter: Found native method, letting transpiler handle conversion: setChOff
JSNI DETECTED: setChOff in class TableCellElement
JSNI CONVERTED: setChOff with JSNI body
🔄 JSNIAdapter: Found native method, letting transpiler handle conversion: setColSpan
JSNI DETECTED: setColSpan in class TableCellElement
JSNI CONVERTED: setColSpan with JSNI body
🔄 JSNIAdapter: Found native method, letting transpiler handle conversion: setHeaders
JSNI DETECTED: setHeaders in class TableCellElement
JSNI CONVERTED: setHeaders with JSNI body
🔄 JSNIAdapter: Found native method, letting transpiler handle conversion: setRowSpan
JSNI DETECTED: setRowSpan in class TableCellElement
JSNI CONVERTED: setRowSpan with JSNI body
🔄 JSNIAdapter: Found native method, letting transpiler handle conversion: setVAlign
JSNI DETECTED: setVAlign in class TableCellElement
JSNI CONVERTED: setVAlign with JSNI body
🔍 JSNIAdapter: Processing JSNI comment blocks for compilation unit
✅ JSNIAdapter: Processed JSNI methods
🔄 JSNIAdapter: Found native method, letting transpiler handle conversion: getSrc
JSNI DETECTED: getSrc in class SourceElement
JSNI CONVERTED: getSrc with JSNI body
🔄 JSNIAdapter: Found native method, letting transpiler handle conversion: getType
JSNI DETECTED: getType in class SourceElement
JSNI CONVERTED: getType with JSNI body
🔄 JSNIAdapter: Found native method, letting transpiler handle conversion: setSrc
JSNI DETECTED: setSrc in class SourceElement
JSNI CONVERTED: setSrc with JSNI body
🔄 JSNIAdapter: Found native method, letting transpiler handle conversion: setType
JSNI DETECTED: setType in class SourceElement
JSNI CONVERTED: setType with JSNI body
🔍 JSNIAdapter: Processing JSNI comment blocks for compilation unit
✅ JSNIAdapter: Processed JSNI methods
🔄 JSNIAdapter: Found native method, letting transpiler handle conversion: getItem
JSNI DETECTED: getItem in class NodeList
JSNI CONVERTED: getItem with JSNI body
🔄 JSNIAdapter: Found native method, letting transpiler handle conversion: getLength
JSNI DETECTED: getLength in class NodeList
JSNI CONVERTED: getLength with JSNI body
🔍 JSNIAdapter: Processing JSNI comment blocks for compilation unit
✅ JSNIAdapter: Processed JSNI methods
🔄 JSNIAdapter: Found native method, letting transpiler handle conversion: getAccessKey
JSNI DETECTED: getAccessKey in class ButtonElement
JSNI CONVERTED: getAccessKey with JSNI body
🔄 JSNIAdapter: Found native method, letting transpiler handle conversion: getDisabled
JSNI DETECTED: getDisabled in class ButtonElement
JSNI CONVERTED: getDisabled with JSNI body
🔄 JSNIAdapter: Found native method, letting transpiler handle conversion: getForm
JSNI DETECTED: getForm in class ButtonElement
JSNI CONVERTED: getForm with JSNI body
🔄 JSNIAdapter: Found native method, letting transpiler handle conversion: getName
JSNI DETECTED: getName in class ButtonElement
JSNI CONVERTED: getName with JSNI body
🔄 JSNIAdapter: Found native method, letting transpiler handle conversion: getType
JSNI DETECTED: getType in class ButtonElement
JSNI CONVERTED: getType with JSNI body
🔄 JSNIAdapter: Found native method, letting transpiler handle conversion: getValue
JSNI DETECTED: getValue in class ButtonElement
JSNI CONVERTED: getValue with JSNI body
🔄 JSNIAdapter: Found native method, letting transpiler handle conversion: isDisabled
JSNI DETECTED: isDisabled in class ButtonElement
JSNI CONVERTED: isDisabled with JSNI body
🔄 JSNIAdapter: Found native method, letting transpiler handle conversion: setAccessKey
JSNI DETECTED: setAccessKey in class ButtonElement
JSNI CONVERTED: setAccessKey with JSNI body
🔄 JSNIAdapter: Found native method, letting transpiler handle conversion: setDisabled
JSNI DETECTED: setDisabled in class ButtonElement
JSNI CONVERTED: setDisabled with JSNI body
🔄 JSNIAdapter: Found native method, letting transpiler handle conversion: setDisabled
🔄 JSNIAdapter: Found native method, letting transpiler handle conversion: setDisabled
JSNI DETECTED: setDisabled in class ButtonElement
JSNI CONVERTED: setDisabled with JSNI body
JSNI DETECTED: setDisabled in class ButtonElement
🔄 JSNIAdapter: Found native method, letting transpiler handle conversion: setName
JSNI DETECTED: setName in class ButtonElement
JSNI CONVERTED: setName with JSNI body
🔄 JSNIAdapter: Found native method, letting transpiler handle conversion: setValue
JSNI DETECTED: setValue in class ButtonElement
JSNI CONVERTED: setValue with JSNI body
🔍 JSNIAdapter: Processing JSNI comment blocks for compilation unit
✅ JSNIAdapter: Processed JSNI methods
🔄 JSNIAdapter: Found native method, letting transpiler handle conversion: getAreas
JSNI DETECTED: getAreas in class MapElement
JSNI CONVERTED: getAreas with JSNI body
🔄 JSNIAdapter: Found native method, letting transpiler handle conversion: getName
JSNI DETECTED: getName in class MapElement
JSNI CONVERTED: getName with JSNI body
🔄 JSNIAdapter: Found native method, letting transpiler handle conversion: setName
JSNI DETECTED: setName in class MapElement
JSNI CONVERTED: setName with JSNI body
🔍 JSNIAdapter: Processing JSNI comment blocks for compilation unit
✅ JSNIAdapter: Processed JSNI methods
🔄 JSNIAdapter: Found native method, letting transpiler handle conversion: getDisabled
JSNI DETECTED: getDisabled in class LinkElement
JSNI CONVERTED: getDisabled with JSNI body
🔄 JSNIAdapter: Found native method, letting transpiler handle conversion: getHref
JSNI DETECTED: getHref in class LinkElement
JSNI CONVERTED: getHref with JSNI body
🔄 JSNIAdapter: Found native method, letting transpiler handle conversion: getHreflang
JSNI DETECTED: getHreflang in class LinkElement
JSNI CONVERTED: getHreflang with JSNI body
🔄 JSNIAdapter: Found native method, letting transpiler handle conversion: getMedia
JSNI DETECTED: getMedia in class LinkElement
JSNI CONVERTED: getMedia with JSNI body
🔄 JSNIAdapter: Found native method, letting transpiler handle conversion: getRel
JSNI DETECTED: getRel in class LinkElement
JSNI CONVERTED: getRel with JSNI body
🔄 JSNIAdapter: Found native method, letting transpiler handle conversion: getTarget
JSNI DETECTED: getTarget in class LinkElement
JSNI CONVERTED: getTarget with JSNI body
🔄 JSNIAdapter: Found native method, letting transpiler handle conversion: getType
JSNI DETECTED: getType in class LinkElement
JSNI CONVERTED: getType with JSNI body
🔄 JSNIAdapter: Found native method, letting transpiler handle conversion: isDisabled
JSNI DETECTED: isDisabled in class LinkElement
JSNI CONVERTED: isDisabled with JSNI body
🔄 JSNIAdapter: Found native method, letting transpiler handle conversion: setDisabled
JSNI DETECTED: setDisabled in class LinkElement
JSNI CONVERTED: setDisabled with JSNI body
🔄 JSNIAdapter: Found native method, letting transpiler handle conversion: setHref
JSNI DETECTED: setHref in class LinkElement
JSNI CONVERTED: setHref with JSNI body
🔄 JSNIAdapter: Found native method, letting transpiler handle conversion: setHreflang
JSNI DETECTED: setHreflang in class LinkElement
JSNI CONVERTED: setHreflang with JSNI body
🔄 JSNIAdapter: Found native method, letting transpiler handle conversion: setMedia
JSNI DETECTED: setMedia in class LinkElement
JSNI CONVERTED: setMedia with JSNI body
🔄 JSNIAdapter: Found native method, letting transpiler handle conversion: setRel
JSNI DETECTED: setRel in class LinkElement
JSNI CONVERTED: setRel with JSNI body
🔄 JSNIAdapter: Found native method, letting transpiler handle conversion: setTarget
JSNI DETECTED: setTarget in class LinkElement
JSNI CONVERTED: setTarget with JSNI body
🔄 JSNIAdapter: Found native method, letting transpiler handle conversion: setType
JSNI DETECTED: setType in class LinkElement
JSNI CONVERTED: setType with JSNI body
🔍 JSNIAdapter: Processing JSNI comment blocks for compilation unit
✅ JSNIAdapter: Processed JSNI methods
🔄 JSNIAdapter: Found native method, letting transpiler handle conversion: setPropertyImpl
JSNI DETECTED: setPropertyImpl in class Style
JSNI CONVERTED: setPropertyImpl with JSNI body
🔍 JSNIAdapter: Processing JSNI comment blocks for compilation unit
✅ JSNIAdapter: Processed JSNI methods
🔄 JSNIAdapter: Found native method, letting transpiler handle conversion: getContent
JSNI DETECTED: getContent in class MetaElement
JSNI CONVERTED: getContent with JSNI body
🔄 JSNIAdapter: Found native method, letting transpiler handle conversion: getHttpEquiv
JSNI DETECTED: getHttpEquiv in class MetaElement
JSNI CONVERTED: getHttpEquiv with JSNI body
🔄 JSNIAdapter: Found native method, letting transpiler handle conversion: getName
JSNI DETECTED: getName in class MetaElement
JSNI CONVERTED: getName with JSNI body
🔄 JSNIAdapter: Found native method, letting transpiler handle conversion: setContent
JSNI DETECTED: setContent in class MetaElement
JSNI CONVERTED: setContent with JSNI body
🔄 JSNIAdapter: Found native method, letting transpiler handle conversion: setHttpEquiv
JSNI DETECTED: setHttpEquiv in class MetaElement
JSNI CONVERTED: setHttpEquiv with JSNI body
🔄 JSNIAdapter: Found native method, letting transpiler handle conversion: setName
JSNI DETECTED: setName in class MetaElement
JSNI CONVERTED: setName with JSNI body
🔍 JSNIAdapter: Processing JSNI comment blocks for compilation unit
✅ JSNIAdapter: Processed JSNI methods
🔄 JSNIAdapter: Found native method, letting transpiler handle conversion: click
JSNI DETECTED: click in class InputElement
JSNI CONVERTED: click with JSNI body
🔄 JSNIAdapter: Found native method, letting transpiler handle conversion: getAccept
JSNI DETECTED: getAccept in class InputElement
JSNI CONVERTED: getAccept with JSNI body
🔄 JSNIAdapter: Found native method, letting transpiler handle conversion: getAccessKey
JSNI DETECTED: getAccessKey in class InputElement
JSNI CONVERTED: getAccessKey with JSNI body
🔄 JSNIAdapter: Found native method, letting transpiler handle conversion: getAlt
JSNI DETECTED: getAlt in class InputElement
JSNI CONVERTED: getAlt with JSNI body
🔄 JSNIAdapter: Found native method, letting transpiler handle conversion: getDefaultValue
JSNI DETECTED: getDefaultValue in class InputElement
JSNI CONVERTED: getDefaultValue with JSNI body
🔄 JSNIAdapter: Found native method, letting transpiler handle conversion: getForm
JSNI DETECTED: getForm in class InputElement
JSNI CONVERTED: getForm with JSNI body
🔄 JSNIAdapter: Found native method, letting transpiler handle conversion: getMaxLength
JSNI DETECTED: getMaxLength in class InputElement
JSNI CONVERTED: getMaxLength with JSNI body
🔄 JSNIAdapter: Found native method, letting transpiler handle conversion: getName
JSNI DETECTED: getName in class InputElement
JSNI CONVERTED: getName with JSNI body
🔄 JSNIAdapter: Found native method, letting transpiler handle conversion: getSize
JSNI DETECTED: getSize in class InputElement
JSNI CONVERTED: getSize with JSNI body
🔄 JSNIAdapter: Found native method, letting transpiler handle conversion: getSrc
JSNI DETECTED: getSrc in class InputElement
JSNI CONVERTED: getSrc with JSNI body
🔄 JSNIAdapter: Found native method, letting transpiler handle conversion: getType
JSNI DETECTED: getType in class InputElement
JSNI CONVERTED: getType with JSNI body
🔄 JSNIAdapter: Found native method, letting transpiler handle conversion: getValue
JSNI DETECTED: getValue in class InputElement
JSNI CONVERTED: getValue with JSNI body
🔄 JSNIAdapter: Found native method, letting transpiler handle conversion: isChecked
JSNI DETECTED: isChecked in class InputElement
JSNI CONVERTED: isChecked with JSNI body
🔄 JSNIAdapter: Found native method, letting transpiler handle conversion: isDefaultChecked
JSNI DETECTED: isDefaultChecked in class InputElement
JSNI CONVERTED: isDefaultChecked with JSNI body
🔄 JSNIAdapter: Found native method, letting transpiler handle conversion: isDisabled
JSNI DETECTED: isDisabled in class InputElement
JSNI CONVERTED: isDisabled with JSNI body
🔄 JSNIAdapter: Found native method, letting transpiler handle conversion: isReadOnly
JSNI DETECTED: isReadOnly in class InputElement
JSNI CONVERTED: isReadOnly with JSNI body
🔄 JSNIAdapter: Found native method, letting transpiler handle conversion: select
JSNI DETECTED: select in class InputElement
JSNI CONVERTED: select with JSNI body
🔄 JSNIAdapter: Found native method, letting transpiler handle conversion: setAccept
JSNI DETECTED: setAccept in class InputElement
JSNI CONVERTED: setAccept with JSNI body
🔄 JSNIAdapter: Found native method, letting transpiler handle conversion: setAccessKey
JSNI DETECTED: setAccessKey in class InputElement
JSNI CONVERTED: setAccessKey with JSNI body
🔄 JSNIAdapter: Found native method, letting transpiler handle conversion: setAlt
JSNI DETECTED: setAlt in class InputElement
JSNI CONVERTED: setAlt with JSNI body
🔄 JSNIAdapter: Found native method, letting transpiler handle conversion: setChecked
JSNI DETECTED: setChecked in class InputElement
JSNI CONVERTED: setChecked with JSNI body
🔄 JSNIAdapter: Found native method, letting transpiler handle conversion: setDefaultChecked
JSNI DETECTED: setDefaultChecked in class InputElement
JSNI CONVERTED: setDefaultChecked with JSNI body
🔄 JSNIAdapter: Found native method, letting transpiler handle conversion: setDefaultValue
JSNI DETECTED: setDefaultValue in class InputElement
JSNI CONVERTED: setDefaultValue with JSNI body
🔄 JSNIAdapter: Found native method, letting transpiler handle conversion: setDisabled
JSNI DETECTED: setDisabled in class InputElement
JSNI CONVERTED: setDisabled with JSNI body
🔄 JSNIAdapter: Found native method, letting transpiler handle conversion: setMaxLength
JSNI DETECTED: setMaxLength in class InputElement
JSNI CONVERTED: setMaxLength with JSNI body
🔄 JSNIAdapter: Found native method, letting transpiler handle conversion: setName
JSNI DETECTED: setName in class InputElement
JSNI CONVERTED: setName with JSNI body
🔄 JSNIAdapter: Found native method, letting transpiler handle conversion: setReadOnly
JSNI DETECTED: setReadOnly in class InputElement
JSNI CONVERTED: setReadOnly with JSNI body
🔄 JSNIAdapter: Found native method, letting transpiler handle conversion: setSize
JSNI DETECTED: setSize in class InputElement
JSNI CONVERTED: setSize with JSNI body
🔄 JSNIAdapter: Found native method, letting transpiler handle conversion: setSrc
JSNI DETECTED: setSrc in class InputElement
JSNI CONVERTED: setSrc with JSNI body
🔄 JSNIAdapter: Found native method, letting transpiler handle conversion: setUseMap
JSNI DETECTED: setUseMap in class InputElement
JSNI CONVERTED: setUseMap with JSNI body
🔄 JSNIAdapter: Found native method, letting transpiler handle conversion: setValue
JSNI DETECTED: setValue in class InputElement
JSNI CONVERTED: setValue with JSNI body
🔄 JSNIAdapter: Found native method, letting transpiler handle conversion: useMap
JSNI DETECTED: useMap in class InputElement
JSNI CONVERTED: useMap with JSNI body
🔍 JSNIAdapter: Processing JSNI comment blocks for compilation unit
✅ JSNIAdapter: Processed JSNI methods
🔄 JSNIAdapter: Found native method, letting transpiler handle conversion: getAccessKey
JSNI DETECTED: getAccessKey in class LegendElement
JSNI CONVERTED: getAccessKey with JSNI body
🔄 JSNIAdapter: Found native method, letting transpiler handle conversion: getForm
JSNI DETECTED: getForm in class LegendElement
JSNI CONVERTED: getForm with JSNI body
🔄 JSNIAdapter: Found native method, letting transpiler handle conversion: setAccessKey
JSNI DETECTED: setAccessKey in class LegendElement
JSNI CONVERTED: setAccessKey with JSNI body
🔍 JSNIAdapter: Processing JSNI comment blocks for compilation unit
✅ JSNIAdapter: Processed JSNI methods
🔄 JSNIAdapter: Found native method, letting transpiler handle conversion: getContentDocument
JSNI DETECTED: getContentDocument in class FrameElement
JSNI CONVERTED: getContentDocument with JSNI body
🔄 JSNIAdapter: Found native method, letting transpiler handle conversion: getFrameBorder
JSNI DETECTED: getFrameBorder in class FrameElement
JSNI CONVERTED: getFrameBorder with JSNI body
🔄 JSNIAdapter: Found native method, letting transpiler handle conversion: getLongDesc
JSNI DETECTED: getLongDesc in class FrameElement
JSNI CONVERTED: getLongDesc with JSNI body
🔄 JSNIAdapter: Found native method, letting transpiler handle conversion: getMarginHeight
JSNI DETECTED: getMarginHeight in class FrameElement
JSNI CONVERTED: getMarginHeight with JSNI body
🔄 JSNIAdapter: Found native method, letting transpiler handle conversion: getMarginWidth
JSNI DETECTED: getMarginWidth in class FrameElement
JSNI CONVERTED: getMarginWidth with JSNI body
🔄 JSNIAdapter: Found native method, letting transpiler handle conversion: getName
JSNI DETECTED: getName in class FrameElement
JSNI CONVERTED: getName with JSNI body
🔄 JSNIAdapter: Found native method, letting transpiler handle conversion: getScrolling
JSNI DETECTED: getScrolling in class FrameElement
JSNI CONVERTED: getScrolling with JSNI body
🔄 JSNIAdapter: Found native method, letting transpiler handle conversion: getSrc
JSNI DETECTED: getSrc in class FrameElement
JSNI CONVERTED: getSrc with JSNI body
🔄 JSNIAdapter: Found native method, letting transpiler handle conversion: isNoResize
JSNI DETECTED: isNoResize in class FrameElement
JSNI CONVERTED: isNoResize with JSNI body
🔄 JSNIAdapter: Found native method, letting transpiler handle conversion: setFrameBorder
JSNI DETECTED: setFrameBorder in class FrameElement
JSNI CONVERTED: setFrameBorder with JSNI body
🔄 JSNIAdapter: Found native method, letting transpiler handle conversion: setLongDesc
JSNI DETECTED: setLongDesc in class FrameElement
JSNI CONVERTED: setLongDesc with JSNI body
🔄 JSNIAdapter: Found native method, letting transpiler handle conversion: setMarginHeight
JSNI DETECTED: setMarginHeight in class FrameElement
JSNI CONVERTED: setMarginHeight with JSNI body
🔄 JSNIAdapter: Found native method, letting transpiler handle conversion: setMarginWidth
JSNI DETECTED: setMarginWidth in class FrameElement
JSNI CONVERTED: setMarginWidth with JSNI body
🔄 JSNIAdapter: Found native method, letting transpiler handle conversion: setName
JSNI DETECTED: setName in class FrameElement
JSNI CONVERTED: setName with JSNI body
🔄 JSNIAdapter: Found native method, letting transpiler handle conversion: setNoResize
JSNI DETECTED: setNoResize in class FrameElement
JSNI CONVERTED: setNoResize with JSNI body
🔄 JSNIAdapter: Found native method, letting transpiler handle conversion: setScrolling
JSNI DETECTED: setScrolling in class FrameElement
JSNI CONVERTED: setScrolling with JSNI body
🔄 JSNIAdapter: Found native method, letting transpiler handle conversion: setSrc
JSNI DETECTED: setSrc in class FrameElement
JSNI CONVERTED: setSrc with JSNI body
🔍 JSNIAdapter: Processing JSNI comment blocks for compilation unit
✅ JSNIAdapter: Processed JSNI methods
🔄 JSNIAdapter: Found native method, letting transpiler handle conversion: getAccessKey
JSNI DETECTED: getAccessKey in class AreaElement
JSNI CONVERTED: getAccessKey with JSNI body
🔄 JSNIAdapter: Found native method, letting transpiler handle conversion: getAlt
JSNI DETECTED: getAlt in class AreaElement
JSNI CONVERTED: getAlt with JSNI body
🔄 JSNIAdapter: Found native method, letting transpiler handle conversion: getCoords
JSNI DETECTED: getCoords in class AreaElement
JSNI CONVERTED: getCoords with JSNI body
🔄 JSNIAdapter: Found native method, letting transpiler handle conversion: getHref
JSNI DETECTED: getHref in class AreaElement
JSNI CONVERTED: getHref with JSNI body
🔄 JSNIAdapter: Found native method, letting transpiler handle conversion: getShape
JSNI DETECTED: getShape in class AreaElement
JSNI CONVERTED: getShape with JSNI body
🔄 JSNIAdapter: Found native method, letting transpiler handle conversion: getTarget
JSNI DETECTED: getTarget in class AreaElement
JSNI CONVERTED: getTarget with JSNI body
🔄 JSNIAdapter: Found native method, letting transpiler handle conversion: setAccessKey
JSNI DETECTED: setAccessKey in class AreaElement
JSNI CONVERTED: setAccessKey with JSNI body
🔄 JSNIAdapter: Found native method, letting transpiler handle conversion: setAlt
JSNI DETECTED: setAlt in class AreaElement
JSNI CONVERTED: setAlt with JSNI body
🔄 JSNIAdapter: Found native method, letting transpiler handle conversion: setCoords
JSNI DETECTED: setCoords in class AreaElement
JSNI CONVERTED: setCoords with JSNI body
🔄 JSNIAdapter: Found native method, letting transpiler handle conversion: setHref
JSNI DETECTED: setHref in class AreaElement
JSNI CONVERTED: setHref with JSNI body
🔄 JSNIAdapter: Found native method, letting transpiler handle conversion: setShape
JSNI DETECTED: setShape in class AreaElement
JSNI CONVERTED: setShape with JSNI body
🔄 JSNIAdapter: Found native method, letting transpiler handle conversion: setTarget
JSNI DETECTED: setTarget in class AreaElement
JSNI CONVERTED: setTarget with JSNI body
🔍 JSNIAdapter: Processing JSNI comment blocks for compilation unit
✅ JSNIAdapter: Processed JSNI methods
🔄 JSNIAdapter: Found native method, letting transpiler handle conversion: getHeight
JSNI DETECTED: getHeight in class VideoElement
JSNI CONVERTED: getHeight with JSNI body
🔄 JSNIAdapter: Found native method, letting transpiler handle conversion: getPoster
JSNI DETECTED: getPoster in class VideoElement
JSNI CONVERTED: getPoster with JSNI body
🔄 JSNIAdapter: Found native method, letting transpiler handle conversion: getVideoHeight
JSNI DETECTED: getVideoHeight in class VideoElement
JSNI CONVERTED: getVideoHeight with JSNI body
🔄 JSNIAdapter: Found native method, letting transpiler handle conversion: getVideoWidth
JSNI DETECTED: getVideoWidth in class VideoElement
JSNI CONVERTED: getVideoWidth with JSNI body
🔄 JSNIAdapter: Found native method, letting transpiler handle conversion: getWidth
JSNI DETECTED: getWidth in class VideoElement
JSNI CONVERTED: getWidth with JSNI body
🔄 JSNIAdapter: Found native method, letting transpiler handle conversion: setHeight
JSNI DETECTED: setHeight in class VideoElement
JSNI CONVERTED: setHeight with JSNI body
🔄 JSNIAdapter: Found native method, letting transpiler handle conversion: setPoster
JSNI DETECTED: setPoster in class VideoElement
JSNI CONVERTED: setPoster with JSNI body
🔄 JSNIAdapter: Found native method, letting transpiler handle conversion: setWidth
JSNI DETECTED: setWidth in class VideoElement
JSNI CONVERTED: setWidth with JSNI body
🔍 JSNIAdapter: Processing JSNI comment blocks for compilation unit
✅ JSNIAdapter: Processed JSNI methods
🔄 JSNIAdapter: Found native method, letting transpiler handle conversion: clearData
JSNI DETECTED: clearData in class DataTransfer
JSNI CONVERTED: clearData with JSNI body
🔄 JSNIAdapter: Found native method, letting transpiler handle conversion: clearData
🔄 JSNIAdapter: Found native method, letting transpiler handle conversion: clearData
JSNI DETECTED: clearData in class DataTransfer
JSNI CONVERTED: clearData with JSNI body
JSNI DETECTED: clearData in class DataTransfer
🔄 JSNIAdapter: Found native method, letting transpiler handle conversion: getData
JSNI DETECTED: getData in class DataTransfer
JSNI CONVERTED: getData with JSNI body
🔄 JSNIAdapter: Found native method, letting transpiler handle conversion: setData
JSNI DETECTED: setData in class DataTransfer
JSNI CONVERTED: setData with JSNI body
🔄 JSNIAdapter: Found native method, letting transpiler handle conversion: setDragImage
JSNI DETECTED: setDragImage in class DataTransfer
JSNI CONVERTED: setDragImage with JSNI body
🔄 JSNIAdapter: Found native method, letting transpiler handle conversion: setDropEffect
JSNI DETECTED: setDropEffect in class DataTransfer
JSNI CONVERTED: setDropEffect with JSNI body
🔍 JSNIAdapter: Processing JSNI comment blocks for compilation unit
✅ JSNIAdapter: Processed JSNI methods
🔄 JSNIAdapter: Found native method, letting transpiler handle conversion: getAcceptCharset
JSNI DETECTED: getAcceptCharset in class FormElement
JSNI CONVERTED: getAcceptCharset with JSNI body
🔄 JSNIAdapter: Found native method, letting transpiler handle conversion: getAction
JSNI DETECTED: getAction in class FormElement
JSNI CONVERTED: getAction with JSNI body
🔄 JSNIAdapter: Found native method, letting transpiler handle conversion: getElements
JSNI DETECTED: getElements in class FormElement
JSNI CONVERTED: getElements with JSNI body
🔄 JSNIAdapter: Found native method, letting transpiler handle conversion: getEnctype
JSNI DETECTED: getEnctype in class FormElement
JSNI CONVERTED: getEnctype with JSNI body
🔄 JSNIAdapter: Found native method, letting transpiler handle conversion: getMethod
JSNI DETECTED: getMethod in class FormElement
JSNI CONVERTED: getMethod with JSNI body
🔄 JSNIAdapter: Found native method, letting transpiler handle conversion: getName
JSNI DETECTED: getName in class FormElement
JSNI CONVERTED: getName with JSNI body
🔄 JSNIAdapter: Found native method, letting transpiler handle conversion: getTarget
JSNI DETECTED: getTarget in class FormElement
JSNI CONVERTED: getTarget with JSNI body
🔄 JSNIAdapter: Found native method, letting transpiler handle conversion: reset
JSNI DETECTED: reset in class FormElement
JSNI CONVERTED: reset with JSNI body
🔄 JSNIAdapter: Found native method, letting transpiler handle conversion: setAcceptCharset
JSNI DETECTED: setAcceptCharset in class FormElement
JSNI CONVERTED: setAcceptCharset with JSNI body
🔄 JSNIAdapter: Found native method, letting transpiler handle conversion: setAction
JSNI DETECTED: setAction in class FormElement
JSNI CONVERTED: setAction with JSNI body
🔄 JSNIAdapter: Found native method, letting transpiler handle conversion: setEnctype
JSNI DETECTED: setEnctype in class FormElement
JSNI CONVERTED: setEnctype with JSNI body
🔄 JSNIAdapter: Found native method, letting transpiler handle conversion: setMethod
JSNI DETECTED: setMethod in class FormElement
JSNI CONVERTED: setMethod with JSNI body
🔄 JSNIAdapter: Found native method, letting transpiler handle conversion: setName
JSNI DETECTED: setName in class FormElement
JSNI CONVERTED: setName with JSNI body
🔄 JSNIAdapter: Found native method, letting transpiler handle conversion: setTarget
JSNI DETECTED: setTarget in class FormElement
JSNI CONVERTED: setTarget with JSNI body
🔄 JSNIAdapter: Found native method, letting transpiler handle conversion: submit
JSNI DETECTED: submit in class FormElement
JSNI CONVERTED: submit with JSNI body
🔍 JSNIAdapter: Processing JSNI comment blocks for compilation unit
✅ JSNIAdapter: Processed JSNI methods
🔄 JSNIAdapter: Found native method, letting transpiler handle conversion: getSubPixelLeft
JSNI DETECTED: getSubPixelLeft in class ClientRect
JSNI CONVERTED: getSubPixelLeft with JSNI body
🔄 JSNIAdapter: Found native method, letting transpiler handle conversion: getSubPixelTop
JSNI DETECTED: getSubPixelTop in class ClientRect
JSNI CONVERTED: getSubPixelTop with JSNI body
🔄 JSNIAdapter: Found native method, letting transpiler handle conversion: getAbsoluteLeftUsingOffsets
JSNI DETECTED: getAbsoluteLeftUsingOffsets in class DOMImplStandardBase
JSNI CONVERTED: getAbsoluteLeftUsingOffsets with JSNI body
🔄 JSNIAdapter: Found native method, letting transpiler handle conversion: getAbsoluteTopUsingOffsets
JSNI DETECTED: getAbsoluteTopUsingOffsets in class DOMImplStandardBase
JSNI CONVERTED: getAbsoluteTopUsingOffsets with JSNI body
🔄 JSNIAdapter: Found native method, letting transpiler handle conversion: getBoundingClientRect
JSNI DETECTED: getBoundingClientRect in class DOMImplStandardBase
JSNI CONVERTED: getBoundingClientRect with JSNI body
🔄 JSNIAdapter: Found native method, letting transpiler handle conversion: createButtonElement
JSNI DETECTED: createButtonElement in class DOMImplStandardBase
JSNI CONVERTED: createButtonElement with JSNI body
🔄 JSNIAdapter: Found native method, letting transpiler handle conversion: createKeyCodeEvent
[ERROR] method 'createKeyCodeEvent' cannot be native
  at /Users/ed.eustace/dev/github.com/ed-eustace/jsweet/gwt-to-ts-test/gwt-2.11.0/user/src/com/google/gwt/dom/client/DOMImplStandardBase.java(163,3)
🔄 JSNIAdapter: Found native method, letting transpiler handle conversion: createKeyEvent
🔄 JSNIAdapter: Found native method, letting transpiler handle conversion: createKeyEvent
[ERROR] method 'createKeyEvent' cannot be native
  at /Users/ed.eustace/dev/github.com/ed-eustace/jsweet/gwt-to-ts-test/gwt-2.11.0/user/src/com/google/gwt/dom/client/DOMImplStandardBase.java(172,3)
[ERROR] method 'createKeyEvent' cannot be native
  at /Users/ed.eustace/dev/github.com/ed-eustace/jsweet/gwt-to-ts-test/gwt-2.11.0/user/src/com/google/gwt/dom/client/DOMImplStandardBase.java(172,3)
🔄 JSNIAdapter: Found native method, letting transpiler handle conversion: createKeyPressEvent
[ERROR] method 'createKeyPressEvent' cannot be native
  at /Users/ed.eustace/dev/github.com/ed-eustace/jsweet/gwt-to-ts-test/gwt-2.11.0/user/src/com/google/gwt/dom/client/DOMImplStandardBase.java(183,3)
🔄 JSNIAdapter: Found native method, letting transpiler handle conversion: eventGetCurrentTarget
JSNI DETECTED: eventGetCurrentTarget in class DOMImplStandardBase
JSNI CONVERTED: eventGetCurrentTarget with JSNI body
🔄 JSNIAdapter: Found native method, letting transpiler handle conversion: eventGetMouseWheelVelocityY
JSNI DETECTED: eventGetMouseWheelVelocityY in class DOMImplStandardBase
JSNI CONVERTED: eventGetMouseWheelVelocityY with JSNI body
🔄 JSNIAdapter: Found native method, letting transpiler handle conversion: getTabIndex
JSNI DETECTED: getTabIndex in class DOMImplStandardBase
JSNI CONVERTED: getTabIndex with JSNI body
🔄 JSNIAdapter: Found native method, letting transpiler handle conversion: isRTL
JSNI DETECTED: isRTL in class DOMImplStandardBase
JSNI CONVERTED: isRTL with JSNI body
🔄 JSNIAdapter: Found native method, letting transpiler handle conversion: createKeyEvent
[ERROR] method 'createKeyEvent' cannot be native
  at /Users/ed.eustace/dev/github.com/ed-eustace/jsweet/gwt-to-ts-test/gwt-2.11.0/user/src/com/google/gwt/dom/client/DOMImplStandardBase.java(258,3)
🔍 JSNIAdapter: Processing JSNI comment blocks for compilation unit
✅ JSNIAdapter: Processed JSNI methods
🔄 JSNIAdapter: Found native method, letting transpiler handle conversion: getAccessKey
JSNI DETECTED: getAccessKey in class AnchorElement
JSNI CONVERTED: getAccessKey with JSNI body
🔄 JSNIAdapter: Found native method, letting transpiler handle conversion: getHref
JSNI DETECTED: getHref in class AnchorElement
JSNI CONVERTED: getHref with JSNI body
🔄 JSNIAdapter: Found native method, letting transpiler handle conversion: getHreflang
JSNI DETECTED: getHreflang in class AnchorElement
JSNI CONVERTED: getHreflang with JSNI body
🔄 JSNIAdapter: Found native method, letting transpiler handle conversion: getName
JSNI DETECTED: getName in class AnchorElement
JSNI CONVERTED: getName with JSNI body
🔄 JSNIAdapter: Found native method, letting transpiler handle conversion: getRel
JSNI DETECTED: getRel in class AnchorElement
JSNI CONVERTED: getRel with JSNI body
🔄 JSNIAdapter: Found native method, letting transpiler handle conversion: getTarget
JSNI DETECTED: getTarget in class AnchorElement
JSNI CONVERTED: getTarget with JSNI body
🔄 JSNIAdapter: Found native method, letting transpiler handle conversion: getType
JSNI DETECTED: getType in class AnchorElement
JSNI CONVERTED: getType with JSNI body
🔄 JSNIAdapter: Found native method, letting transpiler handle conversion: setAccessKey
JSNI DETECTED: setAccessKey in class AnchorElement
JSNI CONVERTED: setAccessKey with JSNI body
🔄 JSNIAdapter: Found native method, letting transpiler handle conversion: setHref
JSNI DETECTED: setHref in class AnchorElement
JSNI CONVERTED: setHref with JSNI body
🔄 JSNIAdapter: Found native method, letting transpiler handle conversion: setHreflang
JSNI DETECTED: setHreflang in class AnchorElement
JSNI CONVERTED: setHreflang with JSNI body
🔄 JSNIAdapter: Found native method, letting transpiler handle conversion: setName
JSNI DETECTED: setName in class AnchorElement
JSNI CONVERTED: setName with JSNI body
🔄 JSNIAdapter: Found native method, letting transpiler handle conversion: setRel
JSNI DETECTED: setRel in class AnchorElement
JSNI CONVERTED: setRel with JSNI body
🔄 JSNIAdapter: Found native method, letting transpiler handle conversion: setTarget
JSNI DETECTED: setTarget in class AnchorElement
JSNI CONVERTED: setTarget with JSNI body
🔄 JSNIAdapter: Found native method, letting transpiler handle conversion: setType
JSNI DETECTED: setType in class AnchorElement
JSNI CONVERTED: setType with JSNI body
🔍 JSNIAdapter: Processing JSNI comment blocks for compilation unit
✅ JSNIAdapter: Processed JSNI methods
🔄 JSNIAdapter: Found native method, letting transpiler handle conversion: getCols
JSNI DETECTED: getCols in class FrameSetElement
JSNI CONVERTED: getCols with JSNI body
🔄 JSNIAdapter: Found native method, letting transpiler handle conversion: getRows
JSNI DETECTED: getRows in class FrameSetElement
JSNI CONVERTED: getRows with JSNI body
🔄 JSNIAdapter: Found native method, letting transpiler handle conversion: setCols
JSNI DETECTED: setCols in class FrameSetElement
JSNI CONVERTED: setCols with JSNI body
🔄 JSNIAdapter: Found native method, letting transpiler handle conversion: setRows
JSNI DETECTED: setRows in class FrameSetElement
JSNI CONVERTED: setRows with JSNI body
🔍 JSNIAdapter: Processing JSNI comment blocks for compilation unit
✅ JSNIAdapter: Processed JSNI methods
🔄 JSNIAdapter: Found native method, letting transpiler handle conversion: getForm
JSNI DETECTED: getForm in class FieldSetElement
JSNI CONVERTED: getForm with JSNI body
🔍 JSNIAdapter: Processing JSNI comment blocks for compilation unit
✅ JSNIAdapter: Processed JSNI methods
🔄 JSNIAdapter: Found native method, letting transpiler handle conversion: getContentDocument
JSNI DETECTED: getContentDocument in class IFrameElement
JSNI CONVERTED: getContentDocument with JSNI body
🔄 JSNIAdapter: Found native method, letting transpiler handle conversion: getFrameBorder
JSNI DETECTED: getFrameBorder in class IFrameElement
JSNI CONVERTED: getFrameBorder with JSNI body
🔄 JSNIAdapter: Found native method, letting transpiler handle conversion: getMarginHeight
JSNI DETECTED: getMarginHeight in class IFrameElement
JSNI CONVERTED: getMarginHeight with JSNI body
🔄 JSNIAdapter: Found native method, letting transpiler handle conversion: getMarginWidth
JSNI DETECTED: getMarginWidth in class IFrameElement
JSNI CONVERTED: getMarginWidth with JSNI body
🔄 JSNIAdapter: Found native method, letting transpiler handle conversion: getName
JSNI DETECTED: getName in class IFrameElement
JSNI CONVERTED: getName with JSNI body
🔄 JSNIAdapter: Found native method, letting transpiler handle conversion: getScrolling
JSNI DETECTED: getScrolling in class IFrameElement
JSNI CONVERTED: getScrolling with JSNI body
🔄 JSNIAdapter: Found native method, letting transpiler handle conversion: getSrc
JSNI DETECTED: getSrc in class IFrameElement
JSNI CONVERTED: getSrc with JSNI body
🔄 JSNIAdapter: Found native method, letting transpiler handle conversion: isNoResize
JSNI DETECTED: isNoResize in class IFrameElement
JSNI CONVERTED: isNoResize with JSNI body
🔄 JSNIAdapter: Found native method, letting transpiler handle conversion: setFrameBorder
JSNI DETECTED: setFrameBorder in class IFrameElement
JSNI CONVERTED: setFrameBorder with JSNI body
🔄 JSNIAdapter: Found native method, letting transpiler handle conversion: setMarginHeight
JSNI DETECTED: setMarginHeight in class IFrameElement
JSNI CONVERTED: setMarginHeight with JSNI body
🔄 JSNIAdapter: Found native method, letting transpiler handle conversion: setMarginWidth
JSNI DETECTED: setMarginWidth in class IFrameElement
JSNI CONVERTED: setMarginWidth with JSNI body
🔄 JSNIAdapter: Found native method, letting transpiler handle conversion: setName
JSNI DETECTED: setName in class IFrameElement
JSNI CONVERTED: setName with JSNI body
🔄 JSNIAdapter: Found native method, letting transpiler handle conversion: setNoResize
JSNI DETECTED: setNoResize in class IFrameElement
JSNI CONVERTED: setNoResize with JSNI body
🔄 JSNIAdapter: Found native method, letting transpiler handle conversion: setScrolling
JSNI DETECTED: setScrolling in class IFrameElement
JSNI CONVERTED: setScrolling with JSNI body
🔄 JSNIAdapter: Found native method, letting transpiler handle conversion: setSrc
JSNI DETECTED: setSrc in class IFrameElement
JSNI CONVERTED: setSrc with JSNI body
🔍 JSNIAdapter: Processing JSNI comment blocks for compilation unit
✅ JSNIAdapter: Processed JSNI methods
🔄 JSNIAdapter: Found native method, letting transpiler handle conversion: getAccessKey
JSNI DETECTED: getAccessKey in class TextAreaElement
JSNI CONVERTED: getAccessKey with JSNI body
🔄 JSNIAdapter: Found native method, letting transpiler handle conversion: getCols
JSNI DETECTED: getCols in class TextAreaElement
JSNI CONVERTED: getCols with JSNI body
🔄 JSNIAdapter: Found native method, letting transpiler handle conversion: getDefaultValue
JSNI DETECTED: getDefaultValue in class TextAreaElement
JSNI CONVERTED: getDefaultValue with JSNI body
🔄 JSNIAdapter: Found native method, letting transpiler handle conversion: getDisabled
JSNI DETECTED: getDisabled in class TextAreaElement
JSNI CONVERTED: getDisabled with JSNI body
🔄 JSNIAdapter: Found native method, letting transpiler handle conversion: getForm
JSNI DETECTED: getForm in class TextAreaElement
JSNI CONVERTED: getForm with JSNI body
🔄 JSNIAdapter: Found native method, letting transpiler handle conversion: getName
JSNI DETECTED: getName in class TextAreaElement
JSNI CONVERTED: getName with JSNI body
🔄 JSNIAdapter: Found native method, letting transpiler handle conversion: getReadOnly
JSNI DETECTED: getReadOnly in class TextAreaElement
JSNI CONVERTED: getReadOnly with JSNI body
🔄 JSNIAdapter: Found native method, letting transpiler handle conversion: getRows
JSNI DETECTED: getRows in class TextAreaElement
JSNI CONVERTED: getRows with JSNI body
🔄 JSNIAdapter: Found native method, letting transpiler handle conversion: getType
JSNI DETECTED: getType in class TextAreaElement
JSNI CONVERTED: getType with JSNI body
🔄 JSNIAdapter: Found native method, letting transpiler handle conversion: getValue
JSNI DETECTED: getValue in class TextAreaElement
JSNI CONVERTED: getValue with JSNI body
🔄 JSNIAdapter: Found native method, letting transpiler handle conversion: isDisabled
JSNI DETECTED: isDisabled in class TextAreaElement
JSNI CONVERTED: isDisabled with JSNI body
🔄 JSNIAdapter: Found native method, letting transpiler handle conversion: isReadOnly
JSNI DETECTED: isReadOnly in class TextAreaElement
JSNI CONVERTED: isReadOnly with JSNI body
🔄 JSNIAdapter: Found native method, letting transpiler handle conversion: select
JSNI DETECTED: select in class TextAreaElement
JSNI CONVERTED: select with JSNI body
🔄 JSNIAdapter: Found native method, letting transpiler handle conversion: setAccessKey
JSNI DETECTED: setAccessKey in class TextAreaElement
JSNI CONVERTED: setAccessKey with JSNI body
🔄 JSNIAdapter: Found native method, letting transpiler handle conversion: setCols
JSNI DETECTED: setCols in class TextAreaElement
JSNI CONVERTED: setCols with JSNI body
🔄 JSNIAdapter: Found native method, letting transpiler handle conversion: setDefaultValue
JSNI DETECTED: setDefaultValue in class TextAreaElement
JSNI CONVERTED: setDefaultValue with JSNI body
🔄 JSNIAdapter: Found native method, letting transpiler handle conversion: setDisabled
JSNI DETECTED: setDisabled in class TextAreaElement
JSNI CONVERTED: setDisabled with JSNI body
🔄 JSNIAdapter: Found native method, letting transpiler handle conversion: setName
JSNI DETECTED: setName in class TextAreaElement
JSNI CONVERTED: setName with JSNI body
🔄 JSNIAdapter: Found native method, letting transpiler handle conversion: setReadOnly
JSNI DETECTED: setReadOnly in class TextAreaElement
JSNI CONVERTED: setReadOnly with JSNI body
🔄 JSNIAdapter: Found native method, letting transpiler handle conversion: setRows
JSNI DETECTED: setRows in class TextAreaElement
JSNI CONVERTED: setRows with JSNI body
🔄 JSNIAdapter: Found native method, letting transpiler handle conversion: setValue
JSNI DETECTED: setValue in class TextAreaElement
JSNI CONVERTED: setValue with JSNI body
🔍 JSNIAdapter: Processing JSNI comment blocks for compilation unit
✅ JSNIAdapter: Processed JSNI methods
🔄 JSNIAdapter: Found native method, letting transpiler handle conversion: getName
JSNI DETECTED: getName in class ParamElement
JSNI CONVERTED: getName with JSNI body
🔄 JSNIAdapter: Found native method, letting transpiler handle conversion: getValue
JSNI DETECTED: getValue in class ParamElement
JSNI CONVERTED: getValue with JSNI body
🔄 JSNIAdapter: Found native method, letting transpiler handle conversion: setName
JSNI DETECTED: setName in class ParamElement
JSNI CONVERTED: setName with JSNI body
🔄 JSNIAdapter: Found native method, letting transpiler handle conversion: setValue
JSNI DETECTED: setValue in class ParamElement
JSNI CONVERTED: setValue with JSNI body
🔍 JSNIAdapter: Processing JSNI comment blocks for compilation unit
✅ JSNIAdapter: Processed JSNI methods
🔄 JSNIAdapter: Found native method, letting transpiler handle conversion: getDisabled
JSNI DETECTED: getDisabled in class SelectElement
JSNI CONVERTED: getDisabled with JSNI body
🔄 JSNIAdapter: Found native method, letting transpiler handle conversion: getForm
JSNI DETECTED: getForm in class SelectElement
JSNI CONVERTED: getForm with JSNI body
🔄 JSNIAdapter: Found native method, letting transpiler handle conversion: getMultiple
JSNI DETECTED: getMultiple in class SelectElement
JSNI CONVERTED: getMultiple with JSNI body
🔄 JSNIAdapter: Found native method, letting transpiler handle conversion: getName
JSNI DETECTED: getName in class SelectElement
JSNI CONVERTED: getName with JSNI body
🔄 JSNIAdapter: Found native method, letting transpiler handle conversion: getSelectedIndex
JSNI DETECTED: getSelectedIndex in class SelectElement
JSNI CONVERTED: getSelectedIndex with JSNI body
🔄 JSNIAdapter: Found native method, letting transpiler handle conversion: getSize
JSNI DETECTED: getSize in class SelectElement
JSNI CONVERTED: getSize with JSNI body
🔄 JSNIAdapter: Found native method, letting transpiler handle conversion: getType
JSNI DETECTED: getType in class SelectElement
JSNI CONVERTED: getType with JSNI body
🔄 JSNIAdapter: Found native method, letting transpiler handle conversion: getValue
JSNI DETECTED: getValue in class SelectElement
JSNI CONVERTED: getValue with JSNI body
🔄 JSNIAdapter: Found native method, letting transpiler handle conversion: isDisabled
JSNI DETECTED: isDisabled in class SelectElement
JSNI CONVERTED: isDisabled with JSNI body
🔄 JSNIAdapter: Found native method, letting transpiler handle conversion: isMultiple
JSNI DETECTED: isMultiple in class SelectElement
JSNI CONVERTED: isMultiple with JSNI body
🔄 JSNIAdapter: Found native method, letting transpiler handle conversion: setDisabled
JSNI DETECTED: setDisabled in class SelectElement
JSNI CONVERTED: setDisabled with JSNI body
🔄 JSNIAdapter: Found native method, letting transpiler handle conversion: setDisabled
🔄 JSNIAdapter: Found native method, letting transpiler handle conversion: setDisabled
JSNI DETECTED: setDisabled in class SelectElement
JSNI CONVERTED: setDisabled with JSNI body
JSNI DETECTED: setDisabled in class SelectElement
🔄 JSNIAdapter: Found native method, letting transpiler handle conversion: setMultiple
JSNI DETECTED: setMultiple in class SelectElement
JSNI CONVERTED: setMultiple with JSNI body
🔄 JSNIAdapter: Found native method, letting transpiler handle conversion: setName
JSNI DETECTED: setName in class SelectElement
JSNI CONVERTED: setName with JSNI body
🔄 JSNIAdapter: Found native method, letting transpiler handle conversion: setSelectedIndex
JSNI DETECTED: setSelectedIndex in class SelectElement
JSNI CONVERTED: setSelectedIndex with JSNI body
🔄 JSNIAdapter: Found native method, letting transpiler handle conversion: setSize
JSNI DETECTED: setSize in class SelectElement
JSNI CONVERTED: setSize with JSNI body
🔄 JSNIAdapter: Found native method, letting transpiler handle conversion: setType
JSNI DETECTED: setType in class SelectElement
JSNI CONVERTED: setType with JSNI body
🔄 JSNIAdapter: Found native method, letting transpiler handle conversion: setValue
JSNI DETECTED: setValue in class SelectElement
JSNI CONVERTED: setValue with JSNI body
🔍 JSNIAdapter: Processing JSNI comment blocks for compilation unit
✅ JSNIAdapter: Processed JSNI methods
🔄 JSNIAdapter: Found native method, letting transpiler handle conversion: getContext
JSNI DETECTED: getContext in class CanvasElement
JSNI CONVERTED: getContext with JSNI body
🔄 JSNIAdapter: Found native method, letting transpiler handle conversion: getContext2d
JSNI DETECTED: getContext2d in class CanvasElement
JSNI CONVERTED: getContext2d with JSNI body
🔄 JSNIAdapter: Found native method, letting transpiler handle conversion: getHeight
JSNI DETECTED: getHeight in class CanvasElement
JSNI CONVERTED: getHeight with JSNI body
🔄 JSNIAdapter: Found native method, letting transpiler handle conversion: getWidth
JSNI DETECTED: getWidth in class CanvasElement
JSNI CONVERTED: getWidth with JSNI body
🔄 JSNIAdapter: Found native method, letting transpiler handle conversion: setHeight
JSNI DETECTED: setHeight in class CanvasElement
JSNI CONVERTED: setHeight with JSNI body
🔄 JSNIAdapter: Found native method, letting transpiler handle conversion: setWidth
JSNI DETECTED: setWidth in class CanvasElement
JSNI CONVERTED: setWidth with JSNI body
🔄 JSNIAdapter: Found native method, letting transpiler handle conversion: toDataUrl
JSNI DETECTED: toDataUrl in class CanvasElement
JSNI CONVERTED: toDataUrl with JSNI body
🔄 JSNIAdapter: Found native method, letting transpiler handle conversion: toDataUrl
🔄 JSNIAdapter: Found native method, letting transpiler handle conversion: toDataUrl
JSNI DETECTED: toDataUrl in class CanvasElement
JSNI CONVERTED: toDataUrl with JSNI body
JSNI DETECTED: toDataUrl in class CanvasElement
🔍 JSNIAdapter: Processing JSNI comment blocks for compilation unit
✅ JSNIAdapter: Processed JSNI methods
🔄 JSNIAdapter: Found native method, letting transpiler handle conversion: isWebkit525OrBefore
JSNI DETECTED: isWebkit525OrBefore in class DOMImplWebkit
JSNI CONVERTED: isWebkit525OrBefore with JSNI body
🔄 JSNIAdapter: Found native method, letting transpiler handle conversion: eventGetTarget
JSNI DETECTED: eventGetTarget in class DOMImplWebkit
JSNI CONVERTED: eventGetTarget with JSNI body
🔍 JSNIAdapter: Processing JSNI comment blocks for compilation unit
✅ JSNIAdapter: Processed JSNI methods
🔄 JSNIAdapter: Found native method, letting transpiler handle conversion: getCite
JSNI DETECTED: getCite in class ModElement
JSNI CONVERTED: getCite with JSNI body
🔄 JSNIAdapter: Found native method, letting transpiler handle conversion: getDateTime
JSNI DETECTED: getDateTime in class ModElement
JSNI CONVERTED: getDateTime with JSNI body
🔄 JSNIAdapter: Found native method, letting transpiler handle conversion: setCite
JSNI DETECTED: setCite in class ModElement
JSNI CONVERTED: setCite with JSNI body
🔄 JSNIAdapter: Found native method, letting transpiler handle conversion: setDateTime
JSNI DETECTED: setDateTime in class ModElement
JSNI CONVERTED: setDateTime with JSNI body
🔍 JSNIAdapter: Processing JSNI comment blocks for compilation unit
✅ JSNIAdapter: Processed JSNI methods
🔄 JSNIAdapter: Found native method, letting transpiler handle conversion: createHtmlEvent
[ERROR] method 'createHtmlEvent' cannot be native
  at /Users/ed.eustace/dev/github.com/ed-eustace/jsweet/gwt-to-ts-test/gwt-2.11.0/user/src/com/google/gwt/dom/client/DOMImplStandard.java(28,3)
🔄 JSNIAdapter: Found native method, letting transpiler handle conversion: createInputRadioElement
JSNI DETECTED: createInputRadioElement in class DOMImplStandard
JSNI CONVERTED: createInputRadioElement with JSNI body
🔄 JSNIAdapter: Found native method, letting transpiler handle conversion: createMouseEvent
[ERROR] method 'createMouseEvent' cannot be native
  at /Users/ed.eustace/dev/github.com/ed-eustace/jsweet/gwt-to-ts-test/gwt-2.11.0/user/src/com/google/gwt/dom/client/DOMImplStandard.java(46,3)
🔄 JSNIAdapter: Found native method, letting transpiler handle conversion: dispatchEvent
JSNI DETECTED: dispatchEvent in class DOMImplStandard
JSNI CONVERTED: dispatchEvent with JSNI body
🔄 JSNIAdapter: Found native method, letting transpiler handle conversion: eventGetButton
JSNI DETECTED: eventGetButton in class DOMImplStandard
JSNI CONVERTED: eventGetButton with JSNI body
🔄 JSNIAdapter: Found native method, letting transpiler handle conversion: eventGetCharCode
JSNI DETECTED: eventGetCharCode in class DOMImplStandard
JSNI CONVERTED: eventGetCharCode with JSNI body
🔄 JSNIAdapter: Found native method, letting transpiler handle conversion: eventGetRelatedTarget
JSNI DETECTED: eventGetRelatedTarget in class DOMImplStandard
JSNI CONVERTED: eventGetRelatedTarget with JSNI body
🔄 JSNIAdapter: Found native method, letting transpiler handle conversion: eventGetTarget
JSNI DETECTED: eventGetTarget in class DOMImplStandard
JSNI CONVERTED: eventGetTarget with JSNI body
🔄 JSNIAdapter: Found native method, letting transpiler handle conversion: eventPreventDefault
JSNI DETECTED: eventPreventDefault in class DOMImplStandard
JSNI CONVERTED: eventPreventDefault with JSNI body
🔄 JSNIAdapter: Found native method, letting transpiler handle conversion: eventToString
JSNI DETECTED: eventToString in class DOMImplStandard
JSNI CONVERTED: eventToString with JSNI body
🔄 JSNIAdapter: Found native method, letting transpiler handle conversion: getInnerText
JSNI DETECTED: getInnerText in class DOMImplStandard
JSNI CONVERTED: getInnerText with JSNI body
🔄 JSNIAdapter: Found native method, letting transpiler handle conversion: isOrHasChild
JSNI DETECTED: isOrHasChild in class DOMImplStandard
JSNI CONVERTED: isOrHasChild with JSNI body
🔄 JSNIAdapter: Found native method, letting transpiler handle conversion: setInnerText
JSNI DETECTED: setInnerText in class DOMImplStandard
JSNI CONVERTED: setInnerText with JSNI body
🔄 JSNIAdapter: Found native method, letting transpiler handle conversion: getNativeDocumentScrollingElement
JSNI DETECTED: getNativeDocumentScrollingElement in class DOMImplStandard
JSNI CONVERTED: getNativeDocumentScrollingElement with JSNI body
🔍 JSNIAdapter: Processing JSNI comment blocks for compilation unit
✅ JSNIAdapter: Processed JSNI methods
🔄 JSNIAdapter: Found native method, letting transpiler handle conversion: getDefer
JSNI DETECTED: getDefer in class ScriptElement
JSNI CONVERTED: getDefer with JSNI body
🔄 JSNIAdapter: Found native method, letting transpiler handle conversion: getSrc
JSNI DETECTED: getSrc in class ScriptElement
JSNI CONVERTED: getSrc with JSNI body
🔄 JSNIAdapter: Found native method, letting transpiler handle conversion: getText
JSNI DETECTED: getText in class ScriptElement
JSNI CONVERTED: getText with JSNI body
🔄 JSNIAdapter: Found native method, letting transpiler handle conversion: getType
JSNI DETECTED: getType in class ScriptElement
JSNI CONVERTED: getType with JSNI body
🔄 JSNIAdapter: Found native method, letting transpiler handle conversion: setDefer
JSNI DETECTED: setDefer in class ScriptElement
JSNI CONVERTED: setDefer with JSNI body
🔄 JSNIAdapter: Found native method, letting transpiler handle conversion: setSrc
JSNI DETECTED: setSrc in class ScriptElement
JSNI CONVERTED: setSrc with JSNI body
🔄 JSNIAdapter: Found native method, letting transpiler handle conversion: setText
JSNI DETECTED: setText in class ScriptElement
JSNI CONVERTED: setText with JSNI body
🔄 JSNIAdapter: Found native method, letting transpiler handle conversion: setType
JSNI DETECTED: setType in class ScriptElement
JSNI CONVERTED: setType with JSNI body
🔍 JSNIAdapter: Processing JSNI comment blocks for compilation unit
✅ JSNIAdapter: Processed JSNI methods
🔄 JSNIAdapter: Found native method, letting transpiler handle conversion: getAlign
JSNI DETECTED: getAlign in class TableColElement
JSNI CONVERTED: getAlign with JSNI body
🔄 JSNIAdapter: Found native method, letting transpiler handle conversion: getCh
JSNI DETECTED: getCh in class TableColElement
JSNI CONVERTED: getCh with JSNI body
🔄 JSNIAdapter: Found native method, letting transpiler handle conversion: getChOff
JSNI DETECTED: getChOff in class TableColElement
JSNI CONVERTED: getChOff with JSNI body
🔄 JSNIAdapter: Found native method, letting transpiler handle conversion: getSpan
JSNI DETECTED: getSpan in class TableColElement
JSNI CONVERTED: getSpan with JSNI body
🔄 JSNIAdapter: Found native method, letting transpiler handle conversion: getVAlign
JSNI DETECTED: getVAlign in class TableColElement
JSNI CONVERTED: getVAlign with JSNI body
🔄 JSNIAdapter: Found native method, letting transpiler handle conversion: getWidth
JSNI DETECTED: getWidth in class TableColElement
JSNI CONVERTED: getWidth with JSNI body
🔄 JSNIAdapter: Found native method, letting transpiler handle conversion: setAlign
JSNI DETECTED: setAlign in class TableColElement
JSNI CONVERTED: setAlign with JSNI body
🔄 JSNIAdapter: Found native method, letting transpiler handle conversion: setCh
JSNI DETECTED: setCh in class TableColElement
JSNI CONVERTED: setCh with JSNI body
🔄 JSNIAdapter: Found native method, letting transpiler handle conversion: setChOff
JSNI DETECTED: setChOff in class TableColElement
JSNI CONVERTED: setChOff with JSNI body
🔄 JSNIAdapter: Found native method, letting transpiler handle conversion: setSpan
JSNI DETECTED: setSpan in class TableColElement
JSNI CONVERTED: setSpan with JSNI body
🔄 JSNIAdapter: Found native method, letting transpiler handle conversion: setVAlign
JSNI DETECTED: setVAlign in class TableColElement
JSNI CONVERTED: setVAlign with JSNI body
🔄 JSNIAdapter: Found native method, letting transpiler handle conversion: setWidth
JSNI DETECTED: setWidth in class TableColElement
JSNI CONVERTED: setWidth with JSNI body
🔍 JSNIAdapter: Processing JSNI comment blocks for compilation unit
✅ JSNIAdapter: Processed JSNI methods
🔄 JSNIAdapter: Found native method, letting transpiler handle conversion: getCssText
JSNI DETECTED: getCssText in class StyleElement
JSNI CONVERTED: getCssText with JSNI body
🔄 JSNIAdapter: Found native method, letting transpiler handle conversion: getDisabled
JSNI DETECTED: getDisabled in class StyleElement
JSNI CONVERTED: getDisabled with JSNI body
🔄 JSNIAdapter: Found native method, letting transpiler handle conversion: getMedia
JSNI DETECTED: getMedia in class StyleElement
JSNI CONVERTED: getMedia with JSNI body
🔄 JSNIAdapter: Found native method, letting transpiler handle conversion: getType
JSNI DETECTED: getType in class StyleElement
JSNI CONVERTED: getType with JSNI body
🔄 JSNIAdapter: Found native method, letting transpiler handle conversion: isDisabled
JSNI DETECTED: isDisabled in class StyleElement
JSNI CONVERTED: isDisabled with JSNI body
🔄 JSNIAdapter: Found native method, letting transpiler handle conversion: setCssText
JSNI DETECTED: setCssText in class StyleElement
JSNI CONVERTED: setCssText with JSNI body
🔄 JSNIAdapter: Found native method, letting transpiler handle conversion: setDisabled
JSNI DETECTED: setDisabled in class StyleElement
JSNI CONVERTED: setDisabled with JSNI body
🔄 JSNIAdapter: Found native method, letting transpiler handle conversion: setMedia
JSNI DETECTED: setMedia in class StyleElement
JSNI CONVERTED: setMedia with JSNI body
🔄 JSNIAdapter: Found native method, letting transpiler handle conversion: setType
JSNI DETECTED: setType in class StyleElement
JSNI CONVERTED: setType with JSNI body
🔍 JSNIAdapter: Processing JSNI comment blocks for compilation unit
✅ JSNIAdapter: Processed JSNI methods
🔄 JSNIAdapter: Found native method, letting transpiler handle conversion: create
JSNI DETECTED: create in class ArrayBufferNative
JSNI CONVERTED: create with JSNI body
🔄 JSNIAdapter: Found native method, letting transpiler handle conversion: byteLength
JSNI DETECTED: byteLength in class ArrayBufferNative
JSNI CONVERTED: byteLength with JSNI body
🔍 JSNIAdapter: Processing JSNI comment blocks for compilation unit
✅ JSNIAdapter: Processed JSNI methods
🔄 JSNIAdapter: Found native method, letting transpiler handle conversion: create
JSNI DETECTED: create in class Int8ArrayNative
JSNI CONVERTED: create with JSNI body
🔄 JSNIAdapter: Found native method, letting transpiler handle conversion: create
JSNI DETECTED: create in class Int8ArrayNative
JSNI CONVERTED: create with JSNI body
🔄 JSNIAdapter: Found native method, letting transpiler handle conversion: create
🔄 JSNIAdapter: Found native method, letting transpiler handle conversion: create
JSNI DETECTED: create in class Int8ArrayNative
JSNI CONVERTED: create with JSNI body
JSNI DETECTED: create in class Int8ArrayNative
🔄 JSNIAdapter: Found native method, letting transpiler handle conversion: create
JSNI DETECTED: create in class Int8ArrayNative
JSNI CONVERTED: create with JSNI body
🔄 JSNIAdapter: Found native method, letting transpiler handle conversion: get
JSNI DETECTED: get in class Int8ArrayNative
JSNI CONVERTED: get with JSNI body
🔄 JSNIAdapter: Found native method, letting transpiler handle conversion: length
JSNI DETECTED: length in class Int8ArrayNative
JSNI CONVERTED: length with JSNI body
🔄 JSNIAdapter: Found native method, letting transpiler handle conversion: set
JSNI DETECTED: set in class Int8ArrayNative
JSNI CONVERTED: set with JSNI body
🔄 JSNIAdapter: Found native method, letting transpiler handle conversion: set
JSNI DETECTED: set in class Int8ArrayNative
JSNI CONVERTED: set with JSNI body
🔄 JSNIAdapter: Found native method, letting transpiler handle conversion: set
JSNI DETECTED: set in class Int8ArrayNative
JSNI CONVERTED: set with JSNI body
🔄 JSNIAdapter: Found native method, letting transpiler handle conversion: subarray
JSNI DETECTED: subarray in class Int8ArrayNative
JSNI CONVERTED: subarray with JSNI body
🔄 JSNIAdapter: Found native method, letting transpiler handle conversion: subarray
🔄 JSNIAdapter: Found native method, letting transpiler handle conversion: subarray
JSNI DETECTED: subarray in class Int8ArrayNative
JSNI CONVERTED: subarray with JSNI body
JSNI DETECTED: subarray in class Int8ArrayNative
🔄 JSNIAdapter: Found native method, letting transpiler handle conversion: set
JSNI DETECTED: set in class Int8ArrayNative
JSNI CONVERTED: set with JSNI body
🔍 JSNIAdapter: Processing JSNI comment blocks for compilation unit
✅ JSNIAdapter: Processed JSNI methods
🔄 JSNIAdapter: Found native method, letting transpiler handle conversion: arrayBufferFromString
JSNI DETECTED: arrayBufferFromString in class JsUtils
JSNI CONVERTED: arrayBufferFromString with JSNI body
🔄 JSNIAdapter: Found native method, letting transpiler handle conversion: createFloat32Array
JSNI DETECTED: createFloat32Array in class JsUtils
JSNI CONVERTED: createFloat32Array with JSNI body
🔄 JSNIAdapter: Found native method, letting transpiler handle conversion: createFloat64Array
JSNI DETECTED: createFloat64Array in class JsUtils
JSNI CONVERTED: createFloat64Array with JSNI body
🔄 JSNIAdapter: Found native method, letting transpiler handle conversion: createInt16Array
JSNI DETECTED: createInt16Array in class JsUtils
JSNI CONVERTED: createInt16Array with JSNI body
🔄 JSNIAdapter: Found native method, letting transpiler handle conversion: createInt32Array
JSNI DETECTED: createInt32Array in class JsUtils
JSNI CONVERTED: createInt32Array with JSNI body
🔄 JSNIAdapter: Found native method, letting transpiler handle conversion: createInt8Array
JSNI DETECTED: createInt8Array in class JsUtils
JSNI CONVERTED: createInt8Array with JSNI body
🔄 JSNIAdapter: Found native method, letting transpiler handle conversion: createUint16Array
JSNI DETECTED: createUint16Array in class JsUtils
JSNI CONVERTED: createUint16Array with JSNI body
🔄 JSNIAdapter: Found native method, letting transpiler handle conversion: createUint32Array
JSNI DETECTED: createUint32Array in class JsUtils
JSNI CONVERTED: createUint32Array with JSNI body
🔄 JSNIAdapter: Found native method, letting transpiler handle conversion: createUint8Array
JSNI DETECTED: createUint8Array in class JsUtils
JSNI CONVERTED: createUint8Array with JSNI body
🔄 JSNIAdapter: Found native method, letting transpiler handle conversion: set
JSNI DETECTED: set in class JsUtils
JSNI CONVERTED: set with JSNI body
🔄 JSNIAdapter: Found native method, letting transpiler handle conversion: set
🔄 JSNIAdapter: Found native method, letting transpiler handle conversion: set
JSNI DETECTED: set in class JsUtils
JSNI CONVERTED: set with JSNI body
JSNI DETECTED: set in class JsUtils
🔄 JSNIAdapter: Found native method, letting transpiler handle conversion: set
JSNI DETECTED: set in class JsUtils
JSNI CONVERTED: set with JSNI body
🔄 JSNIAdapter: Found native method, letting transpiler handle conversion: set
JSNI DETECTED: set in class JsUtils
JSNI CONVERTED: set with JSNI body
🔄 JSNIAdapter: Found native method, letting transpiler handle conversion: set
JSNI DETECTED: set in class JsUtils
JSNI CONVERTED: set with JSNI body
🔄 JSNIAdapter: Found native method, letting transpiler handle conversion: set
JSNI DETECTED: set in class JsUtils
JSNI CONVERTED: set with JSNI body
🔄 JSNIAdapter: Found native method, letting transpiler handle conversion: set
JSNI DETECTED: set in class JsUtils
JSNI CONVERTED: set with JSNI body
🔄 JSNIAdapter: Found native method, letting transpiler handle conversion: set
JSNI DETECTED: set in class JsUtils
JSNI CONVERTED: set with JSNI body
🔄 JSNIAdapter: Found native method, letting transpiler handle conversion: set
JSNI DETECTED: set in class JsUtils
JSNI CONVERTED: set with JSNI body
🔄 JSNIAdapter: Found native method, letting transpiler handle conversion: set
JSNI DETECTED: set in class JsUtils
JSNI CONVERTED: set with JSNI body
🔄 JSNIAdapter: Found native method, letting transpiler handle conversion: set
JSNI DETECTED: set in class JsUtils
JSNI CONVERTED: set with JSNI body
🔄 JSNIAdapter: Found native method, letting transpiler handle conversion: set
JSNI DETECTED: set in class JsUtils
JSNI CONVERTED: set with JSNI body
🔄 JSNIAdapter: Found native method, letting transpiler handle conversion: set
JSNI DETECTED: set in class JsUtils
JSNI CONVERTED: set with JSNI body
🔄 JSNIAdapter: Found native method, letting transpiler handle conversion: set
JSNI DETECTED: set in class JsUtils
JSNI CONVERTED: set with JSNI body
🔄 JSNIAdapter: Found native method, letting transpiler handle conversion: set
JSNI DETECTED: set in class JsUtils
JSNI CONVERTED: set with JSNI body
🔄 JSNIAdapter: Found native method, letting transpiler handle conversion: set
JSNI DETECTED: set in class JsUtils
JSNI CONVERTED: set with JSNI body
🔄 JSNIAdapter: Found native method, letting transpiler handle conversion: stringFromArrayBuffer
JSNI DETECTED: stringFromArrayBuffer in class JsUtils
JSNI CONVERTED: stringFromArrayBuffer with JSNI body
🔄 JSNIAdapter: Found native method, letting transpiler handle conversion: hasClampedArray
JSNI DETECTED: hasClampedArray in class JsUtils
JSNI CONVERTED: hasClampedArray with JSNI body
🔍 JSNIAdapter: Processing JSNI comment blocks for compilation unit
✅ JSNIAdapter: Processed JSNI methods
🔄 JSNIAdapter: Found native method, letting transpiler handle conversion: create
JSNI DETECTED: create in class Uint16ArrayNative
JSNI CONVERTED: create with JSNI body
🔄 JSNIAdapter: Found native method, letting transpiler handle conversion: create
JSNI DETECTED: create in class Uint16ArrayNative
JSNI CONVERTED: create with JSNI body
🔄 JSNIAdapter: Found native method, letting transpiler handle conversion: create
🔄 JSNIAdapter: Found native method, letting transpiler handle conversion: create
JSNI DETECTED: create in class Uint16ArrayNative
JSNI CONVERTED: create with JSNI body
JSNI DETECTED: create in class Uint16ArrayNative
🔄 JSNIAdapter: Found native method, letting transpiler handle conversion: create
JSNI DETECTED: create in class Uint16ArrayNative
JSNI CONVERTED: create with JSNI body
🔄 JSNIAdapter: Found native method, letting transpiler handle conversion: get
JSNI DETECTED: get in class Uint16ArrayNative
JSNI CONVERTED: get with JSNI body
🔄 JSNIAdapter: Found native method, letting transpiler handle conversion: length
JSNI DETECTED: length in class Uint16ArrayNative
JSNI CONVERTED: length with JSNI body
🔄 JSNIAdapter: Found native method, letting transpiler handle conversion: set
JSNI DETECTED: set in class Uint16ArrayNative
JSNI CONVERTED: set with JSNI body
🔄 JSNIAdapter: Found native method, letting transpiler handle conversion: set
JSNI DETECTED: set in class Uint16ArrayNative
JSNI CONVERTED: set with JSNI body
🔄 JSNIAdapter: Found native method, letting transpiler handle conversion: set
JSNI DETECTED: set in class Uint16ArrayNative
JSNI CONVERTED: set with JSNI body
🔄 JSNIAdapter: Found native method, letting transpiler handle conversion: subarray
JSNI DETECTED: subarray in class Uint16ArrayNative
JSNI CONVERTED: subarray with JSNI body
🔄 JSNIAdapter: Found native method, letting transpiler handle conversion: subarray
🔄 JSNIAdapter: Found native method, letting transpiler handle conversion: subarray
JSNI DETECTED: subarray in class Uint16ArrayNative
JSNI CONVERTED: subarray with JSNI body
JSNI DETECTED: subarray in class Uint16ArrayNative
🔄 JSNIAdapter: Found native method, letting transpiler handle conversion: set
JSNI DETECTED: set in class Uint16ArrayNative
JSNI CONVERTED: set with JSNI body
🔍 JSNIAdapter: Processing JSNI comment blocks for compilation unit
✅ JSNIAdapter: Processed JSNI methods
🔄 JSNIAdapter: Found native method, letting transpiler handle conversion: create
JSNI DETECTED: create in class Uint32ArrayNative
JSNI CONVERTED: create with JSNI body
🔄 JSNIAdapter: Found native method, letting transpiler handle conversion: create
JSNI DETECTED: create in class Uint32ArrayNative
JSNI CONVERTED: create with JSNI body
🔄 JSNIAdapter: Found native method, letting transpiler handle conversion: create
🔄 JSNIAdapter: Found native method, letting transpiler handle conversion: create
JSNI DETECTED: create in class Uint32ArrayNative
JSNI CONVERTED: create with JSNI body
JSNI DETECTED: create in class Uint32ArrayNative
🔄 JSNIAdapter: Found native method, letting transpiler handle conversion: create
JSNI DETECTED: create in class Uint32ArrayNative
JSNI CONVERTED: create with JSNI body
🔄 JSNIAdapter: Found native method, letting transpiler handle conversion: getAsDouble
JSNI DETECTED: getAsDouble in class Uint32ArrayNative
JSNI CONVERTED: getAsDouble with JSNI body
🔄 JSNIAdapter: Found native method, letting transpiler handle conversion: length
JSNI DETECTED: length in class Uint32ArrayNative
JSNI CONVERTED: length with JSNI body
🔄 JSNIAdapter: Found native method, letting transpiler handle conversion: set
JSNI DETECTED: set in class Uint32ArrayNative
JSNI CONVERTED: set with JSNI body
🔄 JSNIAdapter: Found native method, letting transpiler handle conversion: set
JSNI DETECTED: set in class Uint32ArrayNative
JSNI CONVERTED: set with JSNI body
🔄 JSNIAdapter: Found native method, letting transpiler handle conversion: set
JSNI DETECTED: set in class Uint32ArrayNative
JSNI CONVERTED: set with JSNI body
🔄 JSNIAdapter: Found native method, letting transpiler handle conversion: subarray
JSNI DETECTED: subarray in class Uint32ArrayNative
JSNI CONVERTED: subarray with JSNI body
🔄 JSNIAdapter: Found native method, letting transpiler handle conversion: subarray
🔄 JSNIAdapter: Found native method, letting transpiler handle conversion: subarray
JSNI DETECTED: subarray in class Uint32ArrayNative
JSNI CONVERTED: subarray with JSNI body
JSNI DETECTED: subarray in class Uint32ArrayNative
🔄 JSNIAdapter: Found native method, letting transpiler handle conversion: set
JSNI DETECTED: set in class Uint32ArrayNative
JSNI CONVERTED: set with JSNI body
🔍 JSNIAdapter: Processing JSNI comment blocks for compilation unit
✅ JSNIAdapter: Processed JSNI methods
🔄 JSNIAdapter: Found native method, letting transpiler handle conversion: create
JSNI DETECTED: create in class Int32ArrayNative
JSNI CONVERTED: create with JSNI body
🔄 JSNIAdapter: Found native method, letting transpiler handle conversion: create
JSNI DETECTED: create in class Int32ArrayNative
JSNI CONVERTED: create with JSNI body
🔄 JSNIAdapter: Found native method, letting transpiler handle conversion: create
🔄 JSNIAdapter: Found native method, letting transpiler handle conversion: create
JSNI DETECTED: create in class Int32ArrayNative
JSNI CONVERTED: create with JSNI body
JSNI DETECTED: create in class Int32ArrayNative
🔄 JSNIAdapter: Found native method, letting transpiler handle conversion: create
JSNI DETECTED: create in class Int32ArrayNative
JSNI CONVERTED: create with JSNI body
🔄 JSNIAdapter: Found native method, letting transpiler handle conversion: get
JSNI DETECTED: get in class Int32ArrayNative
JSNI CONVERTED: get with JSNI body
🔄 JSNIAdapter: Found native method, letting transpiler handle conversion: length
JSNI DETECTED: length in class Int32ArrayNative
JSNI CONVERTED: length with JSNI body
🔄 JSNIAdapter: Found native method, letting transpiler handle conversion: set
JSNI DETECTED: set in class Int32ArrayNative
JSNI CONVERTED: set with JSNI body
🔄 JSNIAdapter: Found native method, letting transpiler handle conversion: set
JSNI DETECTED: set in class Int32ArrayNative
JSNI CONVERTED: set with JSNI body
🔄 JSNIAdapter: Found native method, letting transpiler handle conversion: set
JSNI DETECTED: set in class Int32ArrayNative
JSNI CONVERTED: set with JSNI body
🔄 JSNIAdapter: Found native method, letting transpiler handle conversion: subarray
JSNI DETECTED: subarray in class Int32ArrayNative
JSNI CONVERTED: subarray with JSNI body
🔄 JSNIAdapter: Found native method, letting transpiler handle conversion: subarray
🔄 JSNIAdapter: Found native method, letting transpiler handle conversion: subarray
JSNI DETECTED: subarray in class Int32ArrayNative
JSNI CONVERTED: subarray with JSNI body
JSNI DETECTED: subarray in class Int32ArrayNative
🔄 JSNIAdapter: Found native method, letting transpiler handle conversion: set
JSNI DETECTED: set in class Int32ArrayNative
JSNI CONVERTED: set with JSNI body
🔍 JSNIAdapter: Processing JSNI comment blocks for compilation unit
✅ JSNIAdapter: Processed JSNI methods
🔄 JSNIAdapter: Found native method, letting transpiler handle conversion: create
JSNI DETECTED: create in class Int16ArrayNative
JSNI CONVERTED: create with JSNI body
🔄 JSNIAdapter: Found native method, letting transpiler handle conversion: create
JSNI DETECTED: create in class Int16ArrayNative
JSNI CONVERTED: create with JSNI body
🔄 JSNIAdapter: Found native method, letting transpiler handle conversion: create
🔄 JSNIAdapter: Found native method, letting transpiler handle conversion: create
JSNI DETECTED: create in class Int16ArrayNative
JSNI CONVERTED: create with JSNI body
JSNI DETECTED: create in class Int16ArrayNative
🔄 JSNIAdapter: Found native method, letting transpiler handle conversion: create
JSNI DETECTED: create in class Int16ArrayNative
JSNI CONVERTED: create with JSNI body
🔄 JSNIAdapter: Found native method, letting transpiler handle conversion: get
JSNI DETECTED: get in class Int16ArrayNative
JSNI CONVERTED: get with JSNI body
🔄 JSNIAdapter: Found native method, letting transpiler handle conversion: length
JSNI DETECTED: length in class Int16ArrayNative
JSNI CONVERTED: length with JSNI body
🔄 JSNIAdapter: Found native method, letting transpiler handle conversion: set
JSNI DETECTED: set in class Int16ArrayNative
JSNI CONVERTED: set with JSNI body
🔄 JSNIAdapter: Found native method, letting transpiler handle conversion: set
JSNI DETECTED: set in class Int16ArrayNative
JSNI CONVERTED: set with JSNI body
🔄 JSNIAdapter: Found native method, letting transpiler handle conversion: set
JSNI DETECTED: set in class Int16ArrayNative
JSNI CONVERTED: set with JSNI body
🔄 JSNIAdapter: Found native method, letting transpiler handle conversion: subarray
JSNI DETECTED: subarray in class Int16ArrayNative
JSNI CONVERTED: subarray with JSNI body
🔄 JSNIAdapter: Found native method, letting transpiler handle conversion: subarray
🔄 JSNIAdapter: Found native method, letting transpiler handle conversion: subarray
JSNI DETECTED: subarray in class Int16ArrayNative
JSNI CONVERTED: subarray with JSNI body
JSNI DETECTED: subarray in class Int16ArrayNative
🔄 JSNIAdapter: Found native method, letting transpiler handle conversion: set
JSNI DETECTED: set in class Int16ArrayNative
JSNI CONVERTED: set with JSNI body
🔍 JSNIAdapter: Processing JSNI comment blocks for compilation unit
✅ JSNIAdapter: Processed JSNI methods
🔄 JSNIAdapter: Found native method, letting transpiler handle conversion: buffer
JSNI DETECTED: buffer in class ArrayBufferViewNative
JSNI CONVERTED: buffer with JSNI body
🔄 JSNIAdapter: Found native method, letting transpiler handle conversion: byteLength
JSNI DETECTED: byteLength in class ArrayBufferViewNative
JSNI CONVERTED: byteLength with JSNI body
🔄 JSNIAdapter: Found native method, letting transpiler handle conversion: byteOffset
JSNI DETECTED: byteOffset in class ArrayBufferViewNative
JSNI CONVERTED: byteOffset with JSNI body
🔍 JSNIAdapter: Processing JSNI comment blocks for compilation unit
✅ JSNIAdapter: Processed JSNI methods
🔄 JSNIAdapter: Found native method, letting transpiler handle conversion: create
JSNI DETECTED: create in class Float64ArrayNative
JSNI CONVERTED: create with JSNI body
🔄 JSNIAdapter: Found native method, letting transpiler handle conversion: create
JSNI DETECTED: create in class Float64ArrayNative
JSNI CONVERTED: create with JSNI body
🔄 JSNIAdapter: Found native method, letting transpiler handle conversion: create
🔄 JSNIAdapter: Found native method, letting transpiler handle conversion: create
JSNI DETECTED: create in class Float64ArrayNative
JSNI CONVERTED: create with JSNI body
JSNI DETECTED: create in class Float64ArrayNative
🔄 JSNIAdapter: Found native method, letting transpiler handle conversion: create
JSNI DETECTED: create in class Float64ArrayNative
JSNI CONVERTED: create with JSNI body
🔄 JSNIAdapter: Found native method, letting transpiler handle conversion: get
JSNI DETECTED: get in class Float64ArrayNative
JSNI CONVERTED: get with JSNI body
🔄 JSNIAdapter: Found native method, letting transpiler handle conversion: length
JSNI DETECTED: length in class Float64ArrayNative
JSNI CONVERTED: length with JSNI body
🔄 JSNIAdapter: Found native method, letting transpiler handle conversion: set
JSNI DETECTED: set in class Float64ArrayNative
JSNI CONVERTED: set with JSNI body
🔄 JSNIAdapter: Found native method, letting transpiler handle conversion: set
JSNI DETECTED: set in class Float64ArrayNative
JSNI CONVERTED: set with JSNI body
🔄 JSNIAdapter: Found native method, letting transpiler handle conversion: set
JSNI DETECTED: set in class Float64ArrayNative
JSNI CONVERTED: set with JSNI body
🔄 JSNIAdapter: Found native method, letting transpiler handle conversion: subarray
JSNI DETECTED: subarray in class Float64ArrayNative
JSNI CONVERTED: subarray with JSNI body
🔄 JSNIAdapter: Found native method, letting transpiler handle conversion: subarray
🔄 JSNIAdapter: Found native method, letting transpiler handle conversion: subarray
JSNI DETECTED: subarray in class Float64ArrayNative
JSNI CONVERTED: subarray with JSNI body
JSNI DETECTED: subarray in class Float64ArrayNative
🔄 JSNIAdapter: Found native method, letting transpiler handle conversion: set
JSNI DETECTED: set in class Float64ArrayNative
JSNI CONVERTED: set with JSNI body
🔍 JSNIAdapter: Processing JSNI comment blocks for compilation unit
✅ JSNIAdapter: Processed JSNI methods
🔄 JSNIAdapter: Found native method, letting transpiler handle conversion: create
JSNI DETECTED: create in class Uint8ArrayNative
JSNI CONVERTED: create with JSNI body
🔄 JSNIAdapter: Found native method, letting transpiler handle conversion: create
JSNI DETECTED: create in class Uint8ArrayNative
JSNI CONVERTED: create with JSNI body
🔄 JSNIAdapter: Found native method, letting transpiler handle conversion: create
🔄 JSNIAdapter: Found native method, letting transpiler handle conversion: create
JSNI DETECTED: create in class Uint8ArrayNative
JSNI CONVERTED: create with JSNI body
JSNI DETECTED: create in class Uint8ArrayNative
🔄 JSNIAdapter: Found native method, letting transpiler handle conversion: create
JSNI DETECTED: create in class Uint8ArrayNative
JSNI CONVERTED: create with JSNI body
🔄 JSNIAdapter: Found native method, letting transpiler handle conversion: create
JSNI DETECTED: create in class Uint8ArrayNative
JSNI CONVERTED: create with JSNI body
🔄 JSNIAdapter: Found native method, letting transpiler handle conversion: createClamped
JSNI DETECTED: createClamped in class Uint8ArrayNative
JSNI CONVERTED: createClamped with JSNI body
🔄 JSNIAdapter: Found native method, letting transpiler handle conversion: createClamped
JSNI DETECTED: createClamped in class Uint8ArrayNative
JSNI CONVERTED: createClamped with JSNI body
🔄 JSNIAdapter: Found native method, letting transpiler handle conversion: createClamped
🔄 JSNIAdapter: Found native method, letting transpiler handle conversion: createClamped
JSNI DETECTED: createClamped in class Uint8ArrayNative
JSNI CONVERTED: createClamped with JSNI body
JSNI DETECTED: createClamped in class Uint8ArrayNative
🔄 JSNIAdapter: Found native method, letting transpiler handle conversion: createClamped
JSNI DETECTED: createClamped in class Uint8ArrayNative
JSNI CONVERTED: createClamped with JSNI body
🔄 JSNIAdapter: Found native method, letting transpiler handle conversion: createClamped
JSNI DETECTED: createClamped in class Uint8ArrayNative
JSNI CONVERTED: createClamped with JSNI body
🔄 JSNIAdapter: Found native method, letting transpiler handle conversion: get
JSNI DETECTED: get in class Uint8ArrayNative
JSNI CONVERTED: get with JSNI body
🔄 JSNIAdapter: Found native method, letting transpiler handle conversion: length
JSNI DETECTED: length in class Uint8ArrayNative
JSNI CONVERTED: length with JSNI body
🔄 JSNIAdapter: Found native method, letting transpiler handle conversion: set
JSNI DETECTED: set in class Uint8ArrayNative
JSNI CONVERTED: set with JSNI body
🔄 JSNIAdapter: Found native method, letting transpiler handle conversion: subarray
JSNI DETECTED: subarray in class Uint8ArrayNative
JSNI CONVERTED: subarray with JSNI body
🔄 JSNIAdapter: Found native method, letting transpiler handle conversion: subarray
🔄 JSNIAdapter: Found native method, letting transpiler handle conversion: subarray
JSNI DETECTED: subarray in class Uint8ArrayNative
JSNI CONVERTED: subarray with JSNI body
JSNI DETECTED: subarray in class Uint8ArrayNative
🔄 JSNIAdapter: Found native method, letting transpiler handle conversion: set
JSNI DETECTED: set in class Uint8ArrayNative
JSNI CONVERTED: set with JSNI body
🔄 JSNIAdapter: Found native method, letting transpiler handle conversion: setNative
JSNI DETECTED: setNative in class Uint8ArrayNative
JSNI CONVERTED: setNative with JSNI body
🔍 JSNIAdapter: Processing JSNI comment blocks for compilation unit
✅ JSNIAdapter: Processed JSNI methods
🔄 JSNIAdapter: Found native method, letting transpiler handle conversion: create
JSNI DETECTED: create in class Float32ArrayNative
JSNI CONVERTED: create with JSNI body
🔄 JSNIAdapter: Found native method, letting transpiler handle conversion: create
JSNI DETECTED: create in class Float32ArrayNative
JSNI CONVERTED: create with JSNI body
🔄 JSNIAdapter: Found native method, letting transpiler handle conversion: create
🔄 JSNIAdapter: Found native method, letting transpiler handle conversion: create
JSNI DETECTED: create in class Float32ArrayNative
JSNI CONVERTED: create with JSNI body
JSNI DETECTED: create in class Float32ArrayNative
🔄 JSNIAdapter: Found native method, letting transpiler handle conversion: create
JSNI DETECTED: create in class Float32ArrayNative
JSNI CONVERTED: create with JSNI body
🔄 JSNIAdapter: Found native method, letting transpiler handle conversion: get
JSNI DETECTED: get in class Float32ArrayNative
JSNI CONVERTED: get with JSNI body
🔄 JSNIAdapter: Found native method, letting transpiler handle conversion: length
JSNI DETECTED: length in class Float32ArrayNative
JSNI CONVERTED: length with JSNI body
🔄 JSNIAdapter: Found native method, letting transpiler handle conversion: set
JSNI DETECTED: set in class Float32ArrayNative
JSNI CONVERTED: set with JSNI body
🔄 JSNIAdapter: Found native method, letting transpiler handle conversion: set
JSNI DETECTED: set in class Float32ArrayNative
JSNI CONVERTED: set with JSNI body
🔄 JSNIAdapter: Found native method, letting transpiler handle conversion: set
JSNI DETECTED: set in class Float32ArrayNative
JSNI CONVERTED: set with JSNI body
🔄 JSNIAdapter: Found native method, letting transpiler handle conversion: subarray
JSNI DETECTED: subarray in class Float32ArrayNative
JSNI CONVERTED: subarray with JSNI body
🔄 JSNIAdapter: Found native method, letting transpiler handle conversion: subarray
🔄 JSNIAdapter: Found native method, letting transpiler handle conversion: subarray
JSNI DETECTED: subarray in class Float32ArrayNative
JSNI CONVERTED: subarray with JSNI body
JSNI DETECTED: subarray in class Float32ArrayNative
🔄 JSNIAdapter: Found native method, letting transpiler handle conversion: set
JSNI DETECTED: set in class Float32ArrayNative
JSNI CONVERTED: set with JSNI body
🔍 JSNIAdapter: Processing JSNI comment blocks for compilation unit
✅ JSNIAdapter: Processed JSNI methods
🔄 JSNIAdapter: Found native method, letting transpiler handle conversion: isNativeLittleEndian
JSNI DETECTED: isNativeLittleEndian in class DataViewNativeEmul
JSNI CONVERTED: isNativeLittleEndian with JSNI body
🔍 JSNIAdapter: Processing JSNI comment blocks for compilation unit
✅ JSNIAdapter: Processed JSNI methods
🔄 JSNIAdapter: Found native method, letting transpiler handle conversion: checkDataViewSupport
JSNI DETECTED: checkDataViewSupport in class NativeImpl
JSNI CONVERTED: checkDataViewSupport with JSNI body
🔄 JSNIAdapter: Found native method, letting transpiler handle conversion: checkUint8ClampedArraySupport
JSNI DETECTED: checkUint8ClampedArraySupport in class NativeImpl
JSNI CONVERTED: checkUint8ClampedArraySupport with JSNI body
🔄 JSNIAdapter: Found native method, letting transpiler handle conversion: runtimeSupportCheck
JSNI DETECTED: runtimeSupportCheck in class NativeImpl
JSNI CONVERTED: runtimeSupportCheck with JSNI body
🔍 JSNIAdapter: Processing JSNI comment blocks for compilation unit
✅ JSNIAdapter: Processed JSNI methods
🔄 JSNIAdapter: Found native method, letting transpiler handle conversion: create
JSNI DETECTED: create in class DataViewNative
JSNI CONVERTED: create with JSNI body
🔄 JSNIAdapter: Found native method, letting transpiler handle conversion: create
JSNI DETECTED: create in class DataViewNative
JSNI CONVERTED: create with JSNI body
🔄 JSNIAdapter: Found native method, letting transpiler handle conversion: create
🔄 JSNIAdapter: Found native method, letting transpiler handle conversion: create
JSNI DETECTED: create in class DataViewNative
JSNI CONVERTED: create with JSNI body
JSNI DETECTED: create in class DataViewNative
🔄 JSNIAdapter: Found native method, letting transpiler handle conversion: getFloat32
JSNI DETECTED: getFloat32 in class DataViewNative
JSNI CONVERTED: getFloat32 with JSNI body
🔄 JSNIAdapter: Found native method, letting transpiler handle conversion: getFloat32
🔄 JSNIAdapter: Found native method, letting transpiler handle conversion: getFloat32
JSNI DETECTED: getFloat32 in class DataViewNative
JSNI CONVERTED: getFloat32 with JSNI body
JSNI DETECTED: getFloat32 in class DataViewNative
🔄 JSNIAdapter: Found native method, letting transpiler handle conversion: getFloat64
JSNI DETECTED: getFloat64 in class DataViewNative
JSNI CONVERTED: getFloat64 with JSNI body
🔄 JSNIAdapter: Found native method, letting transpiler handle conversion: getFloat64
🔄 JSNIAdapter: Found native method, letting transpiler handle conversion: getFloat64
JSNI DETECTED: getFloat64 in class DataViewNative
JSNI CONVERTED: getFloat64 with JSNI body
JSNI DETECTED: getFloat64 in class DataViewNative
🔄 JSNIAdapter: Found native method, letting transpiler handle conversion: getInt16
JSNI DETECTED: getInt16 in class DataViewNative
JSNI CONVERTED: getInt16 with JSNI body
🔄 JSNIAdapter: Found native method, letting transpiler handle conversion: getInt16
🔄 JSNIAdapter: Found native method, letting transpiler handle conversion: getInt16
JSNI DETECTED: getInt16 in class DataViewNative
JSNI CONVERTED: getInt16 with JSNI body
JSNI DETECTED: getInt16 in class DataViewNative
🔄 JSNIAdapter: Found native method, letting transpiler handle conversion: getInt32
JSNI DETECTED: getInt32 in class DataViewNative
JSNI CONVERTED: getInt32 with JSNI body
🔄 JSNIAdapter: Found native method, letting transpiler handle conversion: getInt32
🔄 JSNIAdapter: Found native method, letting transpiler handle conversion: getInt32
JSNI DETECTED: getInt32 in class DataViewNative
JSNI CONVERTED: getInt32 with JSNI body
JSNI DETECTED: getInt32 in class DataViewNative
🔄 JSNIAdapter: Found native method, letting transpiler handle conversion: getInt8
JSNI DETECTED: getInt8 in class DataViewNative
JSNI CONVERTED: getInt8 with JSNI body
🔄 JSNIAdapter: Found native method, letting transpiler handle conversion: getUint16
JSNI DETECTED: getUint16 in class DataViewNative
JSNI CONVERTED: getUint16 with JSNI body
🔄 JSNIAdapter: Found native method, letting transpiler handle conversion: getUint16
🔄 JSNIAdapter: Found native method, letting transpiler handle conversion: getUint16
JSNI DETECTED: getUint16 in class DataViewNative
JSNI CONVERTED: getUint16 with JSNI body
JSNI DETECTED: getUint16 in class DataViewNative
🔄 JSNIAdapter: Found native method, letting transpiler handle conversion: getUint32AsDouble
JSNI DETECTED: getUint32AsDouble in class DataViewNative
JSNI CONVERTED: getUint32AsDouble with JSNI body
🔄 JSNIAdapter: Found native method, letting transpiler handle conversion: getUint32AsDouble
🔄 JSNIAdapter: Found native method, letting transpiler handle conversion: getUint32AsDouble
JSNI DETECTED: getUint32AsDouble in class DataViewNative
JSNI CONVERTED: getUint32AsDouble with JSNI body
JSNI DETECTED: getUint32AsDouble in class DataViewNative
🔄 JSNIAdapter: Found native method, letting transpiler handle conversion: getUint8
JSNI DETECTED: getUint8 in class DataViewNative
JSNI CONVERTED: getUint8 with JSNI body
🔄 JSNIAdapter: Found native method, letting transpiler handle conversion: setFloat32
JSNI DETECTED: setFloat32 in class DataViewNative
JSNI CONVERTED: setFloat32 with JSNI body
🔄 JSNIAdapter: Found native method, letting transpiler handle conversion: setFloat32
🔄 JSNIAdapter: Found native method, letting transpiler handle conversion: setFloat32
JSNI DETECTED: setFloat32 in class DataViewNative
JSNI CONVERTED: setFloat32 with JSNI body
JSNI DETECTED: setFloat32 in class DataViewNative
🔄 JSNIAdapter: Found native method, letting transpiler handle conversion: setFloat64
JSNI DETECTED: setFloat64 in class DataViewNative
JSNI CONVERTED: setFloat64 with JSNI body
🔄 JSNIAdapter: Found native method, letting transpiler handle conversion: setFloat64
🔄 JSNIAdapter: Found native method, letting transpiler handle conversion: setFloat64
JSNI DETECTED: setFloat64 in class DataViewNative
JSNI CONVERTED: setFloat64 with JSNI body
JSNI DETECTED: setFloat64 in class DataViewNative
🔄 JSNIAdapter: Found native method, letting transpiler handle conversion: setInt16
JSNI DETECTED: setInt16 in class DataViewNative
JSNI CONVERTED: setInt16 with JSNI body
🔄 JSNIAdapter: Found native method, letting transpiler handle conversion: setInt16
🔄 JSNIAdapter: Found native method, letting transpiler handle conversion: setInt16
JSNI DETECTED: setInt16 in class DataViewNative
JSNI CONVERTED: setInt16 with JSNI body
JSNI DETECTED: setInt16 in class DataViewNative
🔄 JSNIAdapter: Found native method, letting transpiler handle conversion: setInt32
JSNI DETECTED: setInt32 in class DataViewNative
JSNI CONVERTED: setInt32 with JSNI body
🔄 JSNIAdapter: Found native method, letting transpiler handle conversion: setInt32
🔄 JSNIAdapter: Found native method, letting transpiler handle conversion: setInt32
JSNI DETECTED: setInt32 in class DataViewNative
JSNI CONVERTED: setInt32 with JSNI body
JSNI DETECTED: setInt32 in class DataViewNative
🔄 JSNIAdapter: Found native method, letting transpiler handle conversion: setInt8
JSNI DETECTED: setInt8 in class DataViewNative
JSNI CONVERTED: setInt8 with JSNI body
🔄 JSNIAdapter: Found native method, letting transpiler handle conversion: setUint16
JSNI DETECTED: setUint16 in class DataViewNative
JSNI CONVERTED: setUint16 with JSNI body
🔄 JSNIAdapter: Found native method, letting transpiler handle conversion: setUint16
🔄 JSNIAdapter: Found native method, letting transpiler handle conversion: setUint16
JSNI DETECTED: setUint16 in class DataViewNative
JSNI CONVERTED: setUint16 with JSNI body
JSNI DETECTED: setUint16 in class DataViewNative
🔄 JSNIAdapter: Found native method, letting transpiler handle conversion: setUint32FromDouble
JSNI DETECTED: setUint32FromDouble in class DataViewNative
JSNI CONVERTED: setUint32FromDouble with JSNI body
🔄 JSNIAdapter: Found native method, letting transpiler handle conversion: setUint32FromDouble
🔄 JSNIAdapter: Found native method, letting transpiler handle conversion: setUint32FromDouble
JSNI DETECTED: setUint32FromDouble in class DataViewNative
JSNI CONVERTED: setUint32FromDouble with JSNI body
JSNI DETECTED: setUint32FromDouble in class DataViewNative
🔄 JSNIAdapter: Found native method, letting transpiler handle conversion: setUint8
JSNI DETECTED: setUint8 in class DataViewNative
JSNI CONVERTED: setUint8 with JSNI body
🔍 JSNIAdapter: Processing JSNI comment blocks for compilation unit
✅ JSNIAdapter: Processed JSNI methods
🔄 JSNIAdapter: Found native method, letting transpiler handle conversion: detectDragSupport
JSNI DETECTED: detectDragSupport in class DragSupportDetector
JSNI CONVERTED: detectDragSupport with JSNI body
🔍 JSNIAdapter: Processing JSNI comment blocks for compilation unit
✅ JSNIAdapter: Processed JSNI methods
🔄 JSNIAdapter: Found native method, letting transpiler handle conversion: detectTouchSupport
JSNI DETECTED: detectTouchSupport in class TouchSupportDetector
JSNI CONVERTED: detectTouchSupport with JSNI body
🔍 JSNIAdapter: Processing JSNI comment blocks for compilation unit
✅ JSNIAdapter: Processed JSNI methods
🔄 JSNIAdapter: Found native method, letting transpiler handle conversion: put
JSNI DETECTED: put in class JsMap
JSNI CONVERTED: put with JSNI body
🔄 JSNIAdapter: Found native method, letting transpiler handle conversion: unsafeGet
JSNI DETECTED: unsafeGet in class JsMap
JSNI CONVERTED: unsafeGet with JSNI body
🔄 JSNIAdapter: Found native method, letting transpiler handle conversion: unsafeGet
🔄 JSNIAdapter: Found native method, letting transpiler handle conversion: unsafeGet
JSNI DETECTED: unsafeGet in class JsMap
JSNI CONVERTED: unsafeGet with JSNI body
JSNI DETECTED: unsafeGet in class JsMap
🔄 JSNIAdapter: Found native method, letting transpiler handle conversion: unsafePut
JSNI DETECTED: unsafePut in class JsMap
JSNI CONVERTED: unsafePut with JSNI body
🔍 JSNIAdapter: Processing JSNI comment blocks for compilation unit
✅ JSNIAdapter: Processed JSNI methods
🔄 JSNIAdapter: Found native method, letting transpiler handle conversion: isSupported
JSNI DETECTED: isSupported in class ConsoleLogHandler
JSNI CONVERTED: isSupported with JSNI body
🔄 JSNIAdapter: Found native method, letting transpiler handle conversion: error
JSNI DETECTED: error in class ConsoleLogHandler
JSNI CONVERTED: error with JSNI body
🔄 JSNIAdapter: Found native method, letting transpiler handle conversion: warn
JSNI DETECTED: warn in class ConsoleLogHandler
JSNI CONVERTED: warn with JSNI body
🔄 JSNIAdapter: Found native method, letting transpiler handle conversion: info
JSNI DETECTED: info in class ConsoleLogHandler
JSNI CONVERTED: info with JSNI body
🔄 JSNIAdapter: Found native method, letting transpiler handle conversion: log
JSNI DETECTED: log in class ConsoleLogHandler
JSNI CONVERTED: log with JSNI body
🔍 JSNIAdapter: Processing JSNI comment blocks for compilation unit
✅ JSNIAdapter: Processed JSNI methods
🔄 JSNIAdapter: Found native method, letting transpiler handle conversion: end
JSNI DETECTED: end in class TimeRanges
JSNI CONVERTED: end with JSNI body
🔄 JSNIAdapter: Found native method, letting transpiler handle conversion: length
JSNI DETECTED: length in class TimeRanges
JSNI CONVERTED: length with JSNI body
🔄 JSNIAdapter: Found native method, letting transpiler handle conversion: start
JSNI DETECTED: start in class TimeRanges
JSNI CONVERTED: start with JSNI body
🔍 JSNIAdapter: Processing JSNI comment blocks for compilation unit
✅ JSNIAdapter: Processed JSNI methods
🔄 JSNIAdapter: Found native method, letting transpiler handle conversion: getCode
JSNI DETECTED: getCode in class MediaError
JSNI CONVERTED: getCode with JSNI body
🔍 JSNIAdapter: Processing JSNI comment blocks for compilation unit
✅ JSNIAdapter: Processed JSNI methods
🔄 JSNIAdapter: Found native method, letting transpiler handle conversion: isSupportedRunTime
JSNI DETECTED: isSupportedRunTime in class AudioElementSupportDetector
JSNI CONVERTED: isSupportedRunTime with JSNI body
🔍 JSNIAdapter: Processing JSNI comment blocks for compilation unit
✅ JSNIAdapter: Processed JSNI methods
🔄 JSNIAdapter: Found native method, letting transpiler handle conversion: isSupportedRunTime
JSNI DETECTED: isSupportedRunTime in class VideoElementSupportDetector
JSNI CONVERTED: isSupportedRunTime with JSNI body
🔍 JSNIAdapter: Processing JSNI comment blocks for compilation unit
✅ JSNIAdapter: Processed JSNI methods
⚠️  Multi-file compilation completed with 60 warnings (output generated successfully)
Compilation completed successfully!
